t_s,cpu_busy_pct,cpu_temp_c,ram_used_gib,ram_available_gib,load_1min
0.0,0.08,31.1,8.71,490.57,0.08
5.0,0.45,30.8,8.69,490.58,0.07
11.0,3.93,39.4,9.16,490.11,0.21
17.0,5.00,40.6,9.31,489.96,0.28
22.0,6.37,41.5,9.87,489.41,0.33
28.0,6.41,41.0,10.31,488.97,0.39
34.0,3.53,39.0,9.81,489.47,0.44
39.0,6.39,41.9,10.19,489.09,0.48
45.0,4.85,42.1,9.93,489.34,0.52
51.0,6.39,42.9,10.72,488.56,0.56
56.0,4.77,42.2,11.25,488.03,0.70
62.0,16.15,42.2,12.48,486.80,1.93
68.0,23.68,41.0,14.17,485.11,1.85
73.0,19.62,40.5,15.23,484.05,1.79
79.0,4.43,40.4,14.41,484.87,1.72
85.0,3.58,41.0,14.45,484.83,1.66
90.0,3.59,43.2,14.67,484.61,1.61
96.0,3.60,42.9,14.98,484.30,1.59
102.0,3.59,42.9,15.08,484.20,1.54
107.0,3.59,43.4,15.54,483.74,1.50
113.0,3.62,42.9,15.82,483.46,1.46
119.0,3.58,42.8,15.89,483.38,1.42
124.0,3.57,42.1,15.99,483.28,1.39
130.0,3.57,41.8,17.80,481.48,1.36
136.0,0.99,38.5,17.61,481.67,1.33
141.0,2.12,40.2,17.49,481.78,1.35
147.0,3.59,41.6,17.33,481.95,1.32
153.0,3.57,41.4,17.68,481.60,1.30
158.0,3.68,38.6,17.23,482.05,1.27
164.0,5.10,41.0,17.39,481.88,1.25
170.0,5.01,42.2,17.08,482.20,1.23
175.0,5.04,42.1,17.14,482.14,1.21
181.0,5.00,40.8,17.36,481.92,1.33
187.0,3.72,38.0,17.25,482.03,1.30
193.0,3.66,37.0,17.16,482.12,1.28
198.0,3.63,37.0,17.05,482.23,1.25
204.0,3.67,37.0,17.00,482.28,1.23
210.0,3.72,37.1,16.95,482.32,1.21
215.0,3.67,37.2,16.91,482.36,1.20
221.0,3.65,37.2,16.88,482.40,1.24
227.0,3.66,37.2,16.87,482.40,1.22
232.0,3.66,36.9,16.86,482.42,1.20
238.0,3.65,35.8,16.86,482.42,1.19
244.0,3.67,35.5,16.85,482.42,1.17
249.0,3.68,35.4,16.85,482.43,1.16
255.0,3.66,35.4,16.84,482.43,1.14
261.0,3.66,35.4,16.84,482.44,1.13
266.0,3.67,36.8,16.85,482.43,1.19
272.0,3.65,37.1,16.85,482.43,1.17
278.0,3.68,37.2,16.84,482.44,1.16
283.0,3.66,37.4,16.83,482.45,1.22
289.0,3.66,37.4,16.83,482.44,1.21
295.0,3.67,37.4,16.82,482.45,1.19
300.0,3.66,37.5,16.82,482.45,1.17
306.0,3.69,37.5,16.82,482.46,1.22
312.0,3.65,37.5,16.82,482.46,1.20
317.0,3.68,37.4,16.81,482.46,1.19
323.0,3.67,37.4,16.81,482.46,1.17
329.0,3.67,37.4,16.81,482.46,1.16
334.0,3.65,37.4,16.81,482.47,1.14
340.0,3.67,37.5,16.81,482.47,1.13
346.0,3.67,37.5,16.81,482.47,1.19
352.0,3.66,37.4,16.81,482.47,1.18
357.0,5.00,42.1,16.27,483.01,1.16
363.0,5.00,44.0,16.46,482.82,1.23
369.0,5.01,41.8,16.80,482.48,1.21
374.0,3.68,38.8,16.80,482.48,1.19
380.0,3.63,42.0,17.21,482.07,1.18
386.0,3.61,42.0,17.69,481.59,1.16
391.0,3.68,39.5,17.62,481.66,1.21
397.0,3.64,38.8,17.56,481.72,1.20
403.0,3.67,37.0,17.50,481.78,1.18
408.0,3.67,36.2,17.40,481.88,1.16
414.0,3.68,35.9,17.32,481.96,1.15
420.0,3.69,37.2,17.28,482.00,1.22
425.0,3.72,37.5,17.23,482.05,1.20
431.0,3.68,37.6,17.20,482.08,1.24
437.0,3.67,37.6,17.16,482.12,1.22
442.0,3.67,37.6,17.12,482.16,1.29
448.0,3.68,37.6,17.11,482.17,1.26
454.0,3.68,37.8,17.03,482.25,1.24
459.0,3.66,37.6,16.99,482.28,1.30
465.0,3.68,37.8,16.96,482.31,1.28
471.0,3.67,37.6,16.95,482.33,1.26
476.0,3.67,37.6,16.00,483.27,1.37
482.0,4.96,42.5,16.41,482.87,1.34
488.0,6.45,43.5,16.87,482.41,1.31
493.0,3.64,40.5,16.87,482.41,1.29
499.0,3.73,38.9,16.87,482.41,1.27
505.0,3.64,38.0,16.87,482.41,1.24
510.0,3.73,37.6,16.86,482.42,1.22
516.0,3.67,37.6,16.87,482.41,1.26
522.0,3.69,37.6,16.87,482.40,1.24
527.0,3.66,37.6,16.87,482.40,1.22
533.0,3.67,37.8,16.87,482.40,1.20
539.0,3.68,37.6,16.87,482.41,1.19
544.0,3.70,37.6,16.87,482.41,1.17
550.0,3.68,37.8,16.87,482.41,1.16
556.0,3.67,37.6,16.87,482.41,1.15
562.0,3.68,36.8,16.86,482.41,1.34
567.0,3.65,36.8,16.87,482.40,1.32
573.0,3.66,36.2,16.88,482.40,1.29
579.0,3.67,36.8,16.87,482.40,1.27
584.0,3.69,37.4,16.88,482.40,1.25
590.0,3.69,37.5,16.87,482.41,1.23
596.0,3.67,37.8,16.87,482.41,1.21
601.0,3.69,37.6,16.87,482.41,1.25
607.0,3.69,37.6,16.88,482.40,1.23
613.0,3.68,37.8,16.88,482.40,1.21
618.0,3.68,37.8,16.87,482.41,1.19
624.0,3.66,38.1,15.97,483.30,1.18
630.0,4.96,43.2,16.40,482.87,1.16
635.0,6.45,43.2,16.87,482.41,1.15
641.0,3.65,40.5,16.88,482.40,1.20
647.0,3.75,39.0,16.93,482.34,1.18
652.0,3.60,37.9,16.97,482.31,1.17
658.0,3.70,37.8,16.97,482.31,1.16
664.0,3.71,37.8,16.97,482.31,1.14
669.0,3.68,37.9,16.96,482.32,1.13
675.0,3.66,37.9,16.96,482.32,1.12
681.0,3.70,37.8,16.96,482.32,1.11
686.0,3.67,37.2,16.96,482.32,1.17
692.0,3.67,36.6,16.96,482.31,1.15
698.0,3.70,36.2,16.96,482.31,1.14
703.0,3.69,36.8,16.96,482.32,1.13
709.0,3.67,37.9,16.96,482.32,1.12
715.0,3.68,37.9,16.96,482.32,1.11
720.0,3.72,37.9,16.96,482.32,1.10
726.0,3.69,37.8,16.96,482.32,1.31
732.0,3.68,37.8,16.96,482.31,1.28
737.0,3.68,36.9,16.96,482.32,1.26
743.0,3.70,36.4,16.96,482.31,1.24
749.0,3.68,36.2,16.94,482.33,1.22
754.0,3.68,36.6,16.95,482.33,1.20
760.0,3.70,37.5,16.93,482.34,1.18
766.0,3.69,37.8,16.94,482.34,1.17
772.0,3.70,37.9,16.94,482.34,1.22
777.0,3.69,37.9,16.94,482.34,1.20
783.0,3.70,38.0,16.94,482.34,1.18
789.0,3.74,37.9,16.94,482.34,1.17
794.0,3.67,37.9,16.95,482.33,1.15
800.0,3.68,37.8,16.95,482.33,1.14
806.0,5.08,40.1,16.23,483.05,1.13
811.0,4.82,42.4,16.53,482.75,1.26
817.0,5.27,44.0,16.96,482.32,1.24
823.0,3.64,40.8,16.96,482.32,1.22
828.0,3.86,38.5,16.96,482.32,1.20
834.0,3.58,36.9,16.96,482.32,1.19
840.0,3.60,37.5,16.95,482.33,1.17
845.0,3.70,37.6,16.96,482.32,1.16
851.0,3.71,37.6,16.96,482.32,1.13
857.0,3.71,37.8,16.95,482.33,1.12
862.0,3.68,36.9,16.95,482.32,1.11
868.0,3.67,36.5,16.96,482.32,1.10
874.0,3.68,36.2,16.96,482.32,1.10
879.0,3.72,36.0,16.96,482.32,1.09
885.0,3.70,36.1,16.96,482.32,1.08
891.0,3.69,36.2,16.96,482.32,1.15
896.0,3.66,36.2,16.96,482.31,1.20
902.0,3.69,37.2,16.97,482.31,1.19
908.0,3.74,36.5,16.97,482.31,1.17
913.0,3.70,36.2,16.97,482.31,1.16
919.0,3.68,36.9,16.97,482.31,1.14
925.0,3.70,37.4,16.98,482.30,1.13
930.0,3.69,37.9,16.98,482.29,1.12
936.0,3.69,37.9,16.98,482.29,1.18
942.0,3.71,37.8,16.98,482.30,1.16
947.0,3.68,36.9,16.99,482.29,1.23
953.0,3.67,37.5,16.99,482.29,1.21
959.0,3.68,37.8,16.98,482.30,1.19
965.0,3.68,37.9,16.98,482.30,1.18
970.0,3.68,37.8,16.99,482.29,1.16
976.0,3.68,37.9,16.98,482.29,1.15
982.0,3.70,37.2,16.99,482.29,1.20
987.0,3.69,36.6,16.98,482.29,1.18
993.0,3.69,37.1,16.98,482.30,1.17
999.0,3.70,36.4,16.98,482.30,1.16
1004.0,3.71,36.4,16.97,482.31,1.22
1010.0,3.72,36.6,16.97,482.31,1.21
1016.0,3.72,37.5,16.97,482.31,1.19
1021.0,3.69,37.9,16.97,482.31,1.31
1027.0,3.74,37.4,16.97,482.30,1.29
1033.0,3.71,36.8,16.96,482.31,1.35
1038.0,3.69,36.5,16.96,482.31,1.32
1044.0,3.71,37.2,16.97,482.31,1.29
1050.0,3.71,37.8,16.97,482.30,1.27
1055.0,3.68,37.9,16.98,482.30,1.25
1061.0,3.71,37.6,16.98,482.30,1.21
1067.0,3.70,36.5,16.97,482.31,1.19
1072.0,3.69,37.0,16.05,483.22,1.18
1078.0,4.97,41.4,16.50,482.77,1.16
1084.0,6.44,42.6,16.99,482.29,1.15
1089.0,3.64,40.9,16.98,482.29,1.14
1095.0,3.65,39.1,16.98,482.29,1.12
1101.0,3.83,38.1,16.98,482.29,1.11
1106.0,3.65,37.4,16.98,482.30,1.24
1112.0,3.65,37.1,16.97,482.30,1.22
1118.0,3.65,37.1,16.97,482.31,1.21
1123.0,3.68,37.2,16.97,482.31,1.19
1129.0,3.68,37.4,16.97,482.31,1.17
1135.0,3.67,36.5,16.96,482.32,1.16
1140.0,3.68,36.0,16.97,482.31,1.15
1146.0,3.68,37.4,16.98,482.30,1.20
1152.0,3.64,37.5,16.99,482.29,1.18
1158.0,3.68,37.8,16.99,482.29,1.17
1163.0,3.67,37.9,16.98,482.29,1.15
1169.0,3.66,37.9,16.98,482.29,1.14
1175.0,3.63,37.8,16.98,482.30,1.13
1180.0,3.66,37.5,16.98,482.30,1.12
1186.0,3.67,37.4,16.97,482.30,1.11
1192.0,3.68,37.4,16.97,482.31,1.17
1197.0,3.69,37.5,16.96,482.31,1.15
1203.0,3.67,36.9,16.97,482.31,1.14
1209.0,3.79,36.6,16.98,482.30,1.13
1214.0,3.63,36.9,16.97,482.30,1.12
1220.0,3.73,37.5,16.98,482.30,1.11
1226.0,3.75,37.9,16.98,482.30,1.10
1231.0,3.65,37.8,16.98,482.29,1.16
1237.0,3.67,36.9,16.98,482.29,1.14
1243.0,3.66,36.2,16.98,482.29,1.13
1248.0,3.67,36.0,16.98,482.30,1.12
1254.0,3.64,36.9,16.99,482.29,1.11
1260.0,3.68,37.4,16.99,482.29,1.10
1265.0,3.71,37.5,16.99,482.29,1.09
1271.0,3.66,37.6,16.99,482.28,1.09
1277.0,3.65,37.6,17.00,482.28,1.22
1282.0,3.72,37.5,17.00,482.28,1.28
1288.0,3.66,37.5,17.00,482.27,1.42
1294.0,3.65,37.5,17.00,482.28,1.47
1299.0,3.66,37.5,17.00,482.28,1.43
1305.0,3.65,37.5,17.00,482.28,1.39
1311.0,3.75,36.6,17.00,482.28,1.36
1316.0,3.65,36.4,17.00,482.28,1.38
1322.0,3.66,37.1,17.00,482.28,1.35
1328.0,3.67,37.4,16.99,482.28,1.32
1333.0,3.65,37.5,17.00,482.28,1.30
1339.0,3.67,37.5,16.99,482.28,1.27
1345.0,3.64,37.5,17.00,482.28,1.25
1350.0,3.69,37.5,17.00,482.28,1.23
1356.0,3.68,37.4,17.00,482.28,1.27
1362.0,3.68,37.4,17.01,482.27,1.25
1368.0,3.66,37.4,17.01,482.27,1.23
1373.0,3.68,37.8,17.00,482.28,1.21
1379.0,3.65,37.6,16.99,482.28,1.19
1385.0,3.69,37.5,16.99,482.28,1.26
1390.0,3.66,37.8,17.00,482.28,1.24
1396.0,3.64,37.9,17.00,482.28,1.22
1402.0,3.64,37.2,17.00,482.28,1.26
1407.0,3.67,37.4,17.00,482.28,1.24
1413.0,3.71,37.2,17.00,482.28,1.22
1419.0,3.67,37.4,17.00,482.28,1.20
1424.0,3.68,37.4,17.00,482.28,1.18
1430.0,3.67,37.5,16.99,482.28,1.17
1436.0,3.68,37.6,16.99,482.28,1.15
1441.0,3.66,37.8,16.99,482.28,1.20
1447.0,3.66,37.6,17.00,482.28,1.19
1453.0,3.68,37.8,17.00,482.28,1.25
1458.0,3.66,37.5,17.00,482.27,1.23
1464.0,3.67,37.6,16.99,482.28,1.21
1470.0,3.66,37.6,17.00,482.28,1.20
1475.0,3.67,37.4,17.00,482.28,1.18
1481.0,3.68,37.0,17.00,482.27,1.15
1487.0,3.67,37.2,17.01,482.27,1.14
1492.0,3.69,37.8,17.01,482.27,1.13
1498.0,3.68,37.8,17.02,482.26,1.12
1504.0,3.67,37.8,17.02,482.26,1.11
1509.0,3.68,37.9,17.01,482.27,1.10
1515.0,3.67,37.9,17.01,482.27,1.09
1521.0,3.66,37.8,17.01,482.27,1.08
1527.0,3.68,37.6,17.00,482.27,1.14
1532.0,3.67,37.5,17.00,482.28,1.13
1538.0,3.66,37.4,17.00,482.28,1.12
1544.0,3.67,37.5,17.00,482.28,1.11
1549.0,3.71,37.5,16.99,482.28,1.10
1555.0,3.79,37.5,17.00,482.28,1.09
1561.0,3.65,37.8,17.00,482.28,1.09
1566.0,3.67,37.9,16.99,482.29,1.15
1572.0,3.68,37.6,16.99,482.29,1.13
1578.0,3.65,37.6,16.99,482.29,1.12
1583.0,3.68,37.5,16.98,482.29,1.19
1589.0,3.66,37.5,16.99,482.29,1.18
1595.0,3.67,37.6,16.98,482.29,1.16
1600.0,3.70,37.5,16.99,482.29,1.15
1606.0,3.66,37.6,16.99,482.29,1.14
1612.0,3.66,37.6,16.99,482.29,1.19
1617.0,3.67,37.8,16.99,482.29,1.17
1623.0,3.64,37.8,16.99,482.29,1.16
1629.0,3.69,37.8,16.99,482.29,1.15
1634.0,3.64,37.5,16.99,482.29,1.14
1640.0,3.66,37.5,16.99,482.28,1.12
1646.0,3.70,37.6,16.99,482.29,1.11
1651.0,3.66,37.4,16.99,482.28,1.24
1657.0,3.66,37.4,16.99,482.29,1.22
1663.0,3.66,37.8,16.99,482.29,1.21
1669.0,3.65,37.5,16.99,482.29,1.19
1674.0,3.68,37.5,16.99,482.28,1.17
1680.0,3.69,37.4,16.99,482.29,1.16
1686.0,3.72,37.5,16.99,482.29,1.15
1691.0,3.70,37.8,16.99,482.29,1.20
1697.0,4.97,43.0,16.49,482.78,1.18
1703.0,6.43,43.6,16.69,482.59,1.17
1708.0,3.64,40.6,16.99,482.29,1.15
1714.0,3.71,38.9,16.99,482.29,1.14
1720.0,3.64,37.6,16.99,482.29,1.13
1725.0,3.67,37.8,16.99,482.29,1.12
1731.0,3.66,37.9,17.00,482.28,1.11
1737.0,3.67,38.1,17.00,482.28,1.31
1742.0,3.65,38.0,17.00,482.28,1.29
1748.0,3.70,38.0,16.99,482.28,1.26
1754.0,3.66,38.2,16.98,482.30,1.24
1759.0,3.64,37.9,16.98,482.30,1.22
1765.0,3.67,37.9,16.98,482.30,1.20
1771.0,3.65,38.0,16.99,482.29,1.19
1776.0,3.66,38.2,16.98,482.29,1.23
1782.0,3.65,38.2,16.97,482.30,1.21
1788.0,3.64,38.2,16.98,482.30,1.20
1793.0,3.65,37.0,16.98,482.30,1.18
1799.0,3.66,36.2,16.98,482.30,1.17
1805.0,3.64,36.4,16.98,482.29,1.15
1810.0,3.64,36.1,16.98,482.30,1.14
1816.0,3.66,36.0,16.99,482.29,1.13
1822.0,3.67,36.0,16.99,482.29,1.18
1827.0,3.63,36.0,16.98,482.29,1.17
1833.0,3.67,36.0,16.99,482.29,1.15
1839.0,3.66,36.0,16.99,482.29,1.14
1844.0,3.65,36.2,17.00,482.28,1.13
1850.0,3.64,36.1,17.00,482.28,1.12
1856.0,3.66,36.0,16.99,482.28,1.11
1862.0,3.64,36.2,16.99,482.28,1.17
1867.0,3.69,36.4,17.00,482.28,1.15
1873.0,3.66,36.1,17.00,482.28,1.14
1879.0,3.65,36.0,16.99,482.28,1.13
1884.0,5.02,41.6,16.49,482.79,1.12
1890.0,6.44,42.2,16.67,482.60,1.11
1896.0,3.61,40.5,16.99,482.29,1.10
1901.0,3.68,39.0,16.99,482.29,1.16
1907.0,3.64,38.4,16.99,482.28,1.14
1913.0,3.68,38.1,16.99,482.28,1.13
1918.0,3.67,38.1,16.99,482.29,1.12
1924.0,3.65,38.0,16.98,482.30,1.11
1930.0,3.67,38.0,16.98,482.30,1.18
1935.0,3.67,38.1,16.98,482.29,1.17
1941.0,3.68,38.0,16.98,482.29,1.15
1947.0,3.66,38.0,16.98,482.30,1.20
1952.0,3.68,38.1,16.98,482.30,1.19
1958.0,3.67,38.1,16.97,482.30,1.17
1964.0,3.67,38.1,16.98,482.30,1.16
1969.0,3.66,38.0,16.98,482.29,1.15
1975.0,3.67,38.1,16.98,482.30,1.13
1981.0,3.67,38.1,16.98,482.29,1.12
1986.0,3.69,38.0,16.98,482.30,1.18
1992.0,3.67,38.0,16.99,482.29,1.16
1998.0,5.04,41.5,16.42,482.85,1.15
2003.0,4.97,44.0,16.61,482.66,1.14
2009.0,5.02,42.4,16.99,482.29,1.13
2015.0,3.72,40.1,16.98,482.30,1.12
2020.0,3.75,38.8,16.98,482.30,1.11
2026.0,3.65,38.1,16.97,482.30,1.10
2032.0,3.67,37.9,16.97,482.31,1.16
2038.0,3.67,38.1,16.97,482.31,1.14
2043.0,3.67,38.0,16.96,482.31,1.21
2049.0,3.66,38.0,16.96,482.32,1.20
2055.0,3.68,38.0,16.96,482.31,1.18
2060.0,3.66,37.9,16.96,482.32,1.16
2066.0,3.67,37.9,16.96,482.31,1.15
2072.0,3.69,37.9,16.97,482.30,1.20
2077.0,3.67,37.9,16.97,482.31,1.18
2083.0,3.67,38.1,16.97,482.31,1.17
2089.0,3.67,36.9,16.98,482.30,1.16
2094.0,3.70,36.2,16.97,482.31,1.14
2100.0,3.64,36.2,16.97,482.31,1.13
2106.0,3.70,36.5,16.97,482.30,1.12
2111.0,3.69,37.8,16.97,482.31,1.18
2117.0,3.67,37.8,16.98,482.30,1.16
2123.0,3.68,37.9,16.97,482.30,1.15
2128.0,3.69,38.1,16.97,482.30,1.14
2134.0,3.66,38.0,16.98,482.30,1.13
2140.0,3.68,37.9,16.97,482.30,1.12
2145.0,3.65,39.4,16.18,483.09,1.11
2151.0,4.97,41.4,16.51,482.77,1.10
2157.0,6.38,42.9,16.98,482.30,1.16
2162.0,3.66,40.2,16.99,482.29,1.14
2168.0,3.75,38.9,16.99,482.29,1.13
2174.0,3.61,37.9,16.98,482.29,1.12
2179.0,3.70,37.9,16.98,482.30,1.11
2185.0,3.69,38.0,16.97,482.30,1.10
2191.0,3.65,38.0,16.98,482.30,1.09
2196.0,3.68,38.0,16.98,482.30,1.15
2202.0,3.68,38.0,16.98,482.30,1.14
2208.0,3.68,38.0,16.98,482.30,1.13
2213.0,3.68,36.9,16.97,482.30,1.12
2219.0,3.67,36.4,16.97,482.31,1.11
2225.0,3.71,36.2,16.97,482.30,1.10
2231.0,3.71,37.2,16.98,482.30,1.09
2236.0,3.65,37.6,16.98,482.30,1.08
2242.0,3.71,37.9,16.98,482.30,1.14
2248.0,3.68,38.0,16.98,482.30,1.13
2253.0,3.67,38.2,16.98,482.30,1.12
2259.0,3.72,38.0,16.98,482.30,1.11
2265.0,3.66,38.0,16.98,482.29,1.10
2270.0,3.67,38.1,16.98,482.29,1.09
2276.0,3.70,38.0,16.98,482.30,1.09
2282.0,3.69,38.0,16.98,482.30,1.15
2287.0,3.68,38.1,16.98,482.30,1.13
2293.0,3.68,38.1,16.98,482.30,1.12
2299.0,3.69,37.4,16.98,482.30,1.11
2304.0,3.68,37.9,16.99,482.29,1.10
2310.0,3.67,38.1,16.99,482.29,1.10
2316.0,3.75,38.1,16.98,482.29,1.09
2321.0,3.69,38.0,16.99,482.29,1.15
2327.0,3.66,38.9,16.20,483.07,1.14
2333.0,4.97,41.6,16.51,482.77,1.12
2338.0,6.38,44.2,16.97,482.31,1.11
2344.0,3.64,41.0,16.98,482.30,1.10
2350.0,3.81,38.6,16.99,482.29,1.10
2355.0,3.66,36.9,16.99,482.29,1.09
2361.0,3.60,36.1,16.99,482.29,1.08
2367.0,3.72,36.2,16.99,482.29,1.14
2372.0,3.71,36.1,17.00,482.28,1.13
2378.0,3.69,36.1,17.00,482.27,1.20
2384.0,3.68,36.8,17.01,482.27,1.18
2389.0,3.66,37.6,17.01,482.27,1.17
2395.0,3.69,37.8,17.00,482.28,1.15
2401.0,3.71,36.8,17.00,482.28,1.14
2407.0,3.71,36.4,17.00,482.28,1.19
2412.0,3.68,36.6,16.99,482.28,1.18
2418.0,3.67,37.2,16.99,482.28,1.16
2424.0,3.69,37.0,16.99,482.28,1.15
2429.0,3.69,36.5,17.00,482.28,1.14
2435.0,3.70,36.2,17.00,482.28,1.13
2441.0,3.69,36.4,17.00,482.28,1.12
2446.0,3.67,37.6,17.00,482.28,1.26
2452.0,3.68,37.1,17.00,482.28,1.24
2458.0,3.66,36.6,17.01,482.27,1.22
2463.0,3.68,36.4,17.00,482.28,1.28
2469.0,3.73,37.5,17.00,482.28,1.26
2475.0,3.70,37.4,17.00,482.27,1.24
2480.0,3.69,37.2,17.00,482.28,1.22
2486.0,3.69,36.5,16.99,482.28,1.20
2492.0,3.73,36.2,16.99,482.28,1.24
2497.0,3.71,37.4,16.99,482.29,1.22
2503.0,3.70,37.9,16.99,482.29,1.21
2509.0,3.69,37.2,16.99,482.29,1.19
2514.0,3.69,36.6,16.98,482.30,1.17
2520.0,3.72,37.4,16.98,482.30,1.16
2526.0,3.68,36.9,16.97,482.30,1.15
2531.0,3.71,36.4,16.97,482.31,1.27
2537.0,3.68,37.0,16.97,482.31,1.25
2543.0,3.70,37.6,16.97,482.30,1.23
2548.0,3.68,37.9,16.98,482.30,1.21
2554.0,3.69,38.0,16.98,482.30,1.19
2560.0,3.69,38.1,16.98,482.30,1.18
2565.0,3.67,37.0,16.98,482.30,1.16
2571.0,3.71,36.6,16.98,482.29,1.15
2577.0,3.68,36.8,16.99,482.29,1.20
2582.0,3.71,36.4,16.99,482.29,1.18
2588.0,3.75,36.9,16.99,482.29,1.17
2594.0,3.67,37.8,16.09,483.18,1.16
2600.0,4.97,42.9,16.51,482.77,1.14
2605.0,6.41,43.8,16.98,482.30,1.13
2611.0,3.64,41.6,16.98,482.29,1.12
2617.0,3.73,39.6,16.98,482.30,1.18
2622.0,3.87,38.2,16.98,482.29,1.16
2628.0,3.70,37.5,16.98,482.29,1.15
2634.0,3.60,37.2,16.99,482.29,1.14
2639.0,3.66,37.2,16.99,482.29,1.12
2645.0,3.67,37.2,16.99,482.29,1.11
2651.0,3.67,37.2,16.99,482.29,1.11
2656.0,3.69,37.2,16.99,482.29,1.10
2662.0,3.65,37.4,16.99,482.29,1.30
2668.0,3.75,37.8,16.99,482.29,1.28
2673.0,3.63,37.6,16.99,482.29,1.26
2679.0,3.66,37.6,16.99,482.29,1.24
2685.0,3.76,37.6,16.99,482.29,1.30
2690.0,3.68,37.6,16.99,482.29,1.27
2696.0,3.65,37.5,16.99,482.29,1.25
2702.0,3.66,37.4,16.99,482.29,1.29
2707.0,3.69,36.5,16.98,482.30,1.34
2713.0,3.68,36.0,16.97,482.30,1.32
2719.0,3.69,36.0,16.99,482.29,1.29
2724.0,3.70,35.8,16.98,482.29,1.27
2730.0,3.70,36.4,16.98,482.29,1.33
2736.0,3.65,37.1,16.98,482.29,1.30
2741.0,3.76,37.5,16.99,482.29,1.33
2747.0,3.63,37.5,16.99,482.29,1.30
2753.0,3.65,37.6,16.99,482.29,1.28
2758.0,3.65,37.5,16.98,482.30,1.25
2764.0,3.67,36.5,16.98,482.30,1.23
2770.0,3.66,36.0,16.98,482.30,1.21
2775.0,3.68,35.9,16.98,482.29,1.20
2781.0,3.66,36.4,16.98,482.30,1.18
2787.0,3.65,37.2,16.98,482.30,1.23
2792.0,3.66,37.2,16.99,482.29,1.21
2798.0,3.65,37.9,16.99,482.29,1.19
2804.0,3.65,38.0,16.99,482.29,1.17
2810.0,3.65,37.5,16.99,482.28,1.16
2815.0,3.66,36.5,16.99,482.28,1.15
2821.0,3.66,36.0,16.99,482.28,1.14
2827.0,3.71,35.9,16.99,482.29,1.19
2832.0,3.70,36.0,16.99,482.28,1.17
2838.0,3.68,37.0,17.00,482.27,1.16
2844.0,3.66,37.0,17.00,482.28,1.15
2849.0,3.76,37.4,17.00,482.28,1.13
2855.0,3.65,37.4,16.99,482.28,1.12
2861.0,3.66,37.5,17.00,482.28,1.11
2866.0,3.66,37.8,17.00,482.28,1.10
2872.0,3.67,37.8,17.00,482.28,1.24
2878.0,3.69,37.5,17.00,482.28,1.22
2883.0,3.64,37.5,17.00,482.28,1.20
2889.0,3.70,37.6,17.00,482.27,1.18
2895.0,3.65,37.6,17.00,482.27,1.17
2900.0,3.76,37.4,17.01,482.27,1.15
2906.0,3.68,37.5,17.00,482.27,1.14
2912.0,3.64,37.6,17.01,482.27,1.43
2917.0,3.73,37.8,17.00,482.27,1.39
2923.0,3.70,37.6,17.00,482.27,1.36
2929.0,3.64,37.5,17.00,482.28,1.33
2934.0,3.68,37.4,17.00,482.28,1.31
2940.0,3.67,37.4,17.00,482.28,1.28
2946.0,3.74,37.5,17.00,482.27,1.26
2951.0,3.65,37.4,17.00,482.27,1.29
2957.0,3.67,37.8,17.00,482.27,1.27
2963.0,3.68,37.9,17.00,482.28,1.25
2968.0,3.76,37.9,17.01,482.27,1.23
2974.0,3.63,37.8,17.01,482.27,1.21
2980.0,3.65,37.6,17.00,482.28,1.19
2985.0,3.68,37.6,17.00,482.28,1.18
2991.0,3.63,37.4,17.00,482.28,1.16
2997.0,3.66,37.4,17.00,482.27,1.21
3003.0,3.63,37.5,17.00,482.27,1.19
3008.0,3.67,37.6,17.01,482.27,1.18
3014.0,3.67,37.6,17.01,482.27,1.16
3020.0,3.67,37.8,17.01,482.27,1.15
3025.0,3.66,37.6,17.00,482.28,1.14
3031.0,3.66,37.6,17.01,482.27,1.13
3037.0,3.65,36.9,17.01,482.27,1.18
3042.0,3.65,37.4,17.00,482.27,1.17
3048.0,3.68,37.2,17.00,482.28,1.15
3054.0,3.67,37.5,17.00,482.28,1.14
3059.0,3.67,37.5,17.00,482.28,1.13
3065.0,3.69,37.6,17.01,482.27,1.12
3071.0,3.66,37.8,17.01,482.27,1.11
3076.0,3.76,37.8,17.00,482.28,1.10
3082.0,3.66,37.6,16.99,482.29,1.16
3088.0,3.66,37.8,16.99,482.29,1.14
3093.0,3.65,37.8,16.99,482.29,1.13
3099.0,3.67,37.8,16.99,482.29,1.12
3105.0,3.67,36.8,16.99,482.29,1.11
3110.0,3.67,36.9,16.99,482.28,1.18
3116.0,3.65,37.2,17.00,482.27,1.17
3122.0,3.64,37.2,16.99,482.28,1.22
3127.0,3.69,37.4,17.00,482.28,1.20
3133.0,3.69,37.8,17.00,482.28,1.18
3139.0,3.74,36.8,16.99,482.29,1.17
3144.0,3.67,36.2,16.99,482.29,1.15
3150.0,3.67,36.4,16.99,482.29,1.14
3156.0,3.65,37.1,16.99,482.28,1.13
3161.0,3.67,37.5,17.00,482.28,1.18
3167.0,3.68,37.5,16.99,482.28,1.17
3173.0,3.73,37.5,17.00,482.28,1.15
3178.0,3.64,37.6,16.99,482.28,1.14
3184.0,3.63,37.5,16.99,482.28,1.13
3190.0,3.64,37.5,16.99,482.28,1.12
3196.0,3.61,37.6,17.00,482.28,1.11
3201.0,3.66,37.4,17.00,482.28,1.10
3207.0,3.71,37.8,17.00,482.28,1.24
3213.0,3.69,37.4,17.00,482.28,1.22
3218.0,5.14,41.2,16.46,482.82,1.20
3224.0,5.02,43.6,16.64,482.64,1.18
3230.0,5.04,42.5,17.00,482.27,1.17
3235.0,3.66,40.0,17.01,482.27,1.24
3241.0,3.65,38.9,17.01,482.26,1.22
3247.0,3.66,38.5,17.02,482.26,1.26
3252.0,3.67,38.2,17.01,482.27,1.24
3258.0,3.66,38.0,17.01,482.27,1.22
3264.0,3.66,37.5,17.01,482.27,1.20
3269.0,3.66,36.6,16.99,482.28,1.18
3275.0,3.66,36.6,16.98,482.29,1.17
3281.0,3.64,36.4,16.98,482.29,1.16
3286.0,3.67,36.4,16.98,482.29,1.14
3292.0,3.66,36.5,16.98,482.29,1.19
3298.0,3.65,37.8,16.98,482.30,1.18
3303.0,3.65,37.8,16.98,482.30,1.16
3309.0,3.67,36.9,16.99,482.29,1.15
3315.0,3.66,36.6,16.99,482.29,1.14
3320.0,3.65,36.5,16.98,482.30,1.13
3326.0,3.66,36.4,16.99,482.29,1.12
3332.0,3.66,36.4,16.99,482.29,1.25
3337.0,3.68,36.4,16.99,482.29,1.23
3343.0,3.65,36.4,16.98,482.29,1.21
3349.0,3.64,36.4,16.98,482.30,1.19
3354.0,3.66,36.6,16.98,482.30,1.18
3360.0,3.68,37.9,16.99,482.29,1.16
3366.0,3.64,38.0,16.99,482.29,1.15
3371.0,3.65,38.0,16.99,482.29,1.14
3377.0,3.67,38.0,16.98,482.30,1.19
3383.0,3.65,38.1,16.98,482.29,1.17
3388.0,3.65,36.9,16.99,482.29,1.24
3394.0,3.66,36.6,16.99,482.29,1.22
3400.0,3.65,36.5,16.99,482.29,1.20
3406.0,5.05,40.9,16.43,482.85,1.19
3411.0,4.99,42.5,16.61,482.67,1.17
3417.0,5.04,42.5,17.00,482.28,1.22
3423.0,3.68,39.2,17.00,482.28,1.20
3428.0,3.70,37.6,17.01,482.27,1.27
3434.0,3.70,36.8,17.02,482.26,1.24
3440.0,3.66,36.5,17.01,482.27,1.22
3445.0,3.67,36.2,17.01,482.27,1.21
3451.0,3.68,36.5,17.02,482.26,1.19
3457.0,3.67,36.5,17.01,482.27,1.23
3462.0,3.66,36.4,17.01,482.26,1.21
3468.0,3.66,36.2,17.01,482.26,1.20
3474.0,3.67,36.5,17.00,482.27,1.18
3479.0,3.66,36.4,17.00,482.28,1.17
3485.0,3.66,36.2,17.00,482.28,1.15
3491.0,3.67,36.4,17.00,482.28,1.14
3496.0,3.68,36.5,17.00,482.28,1.13
3502.0,3.68,36.2,17.00,482.28,1.18
3508.0,3.67,36.2,17.00,482.28,1.17
3513.0,3.67,36.4,17.00,482.27,1.15
3519.0,3.71,37.5,16.11,483.17,1.14
3525.0,4.97,43.1,16.53,482.75,1.13
3530.0,6.41,43.9,16.98,482.30,1.12
3536.0,3.66,40.1,16.98,482.30,1.11
3542.0,3.75,38.0,16.98,482.30,1.24
3547.0,3.68,36.9,16.99,482.29,1.22
3553.0,3.68,36.5,16.99,482.28,1.20
3559.0,3.67,36.6,16.99,482.29,1.19
3565.0,3.65,36.1,16.99,482.28,1.17
3570.0,3.66,36.0,16.99,482.29,1.16
3576.0,3.64,36.2,16.99,482.29,1.14
3582.0,3.69,36.1,16.99,482.29,1.20
3587.0,3.68,36.5,16.99,482.29,1.18
3593.0,3.66,36.5,16.99,482.29,1.16
3599.0,3.66,37.6,16.99,482.29,1.15
3604.0,3.68,38.1,16.99,482.28,1.14
3610.0,3.66,38.1,16.99,482.29,1.13
3616.0,3.67,37.0,16.99,482.29,1.12
3621.0,3.68,37.1,16.99,482.29,1.11
3627.0,3.65,36.9,16.99,482.29,1.24
3633.0,3.67,36.5,16.99,482.29,1.22
3638.0,3.67,36.6,16.99,482.28,1.20
3644.0,3.66,36.5,16.99,482.29,1.18
3650.0,3.68,36.5,17.00,482.28,1.17
3655.0,3.66,37.0,17.00,482.27,1.16
3661.0,3.67,36.5,17.01,482.27,1.14
3667.0,3.71,37.4,16.08,483.19,1.20
3672.0,4.98,41.2,16.53,482.75,1.18
3678.0,6.44,42.8,17.01,482.27,1.16
3684.0,3.63,40.1,17.01,482.26,1.15
3689.0,3.65,38.0,17.01,482.27,1.22
3695.0,3.64,36.8,17.01,482.27,1.20
3701.0,3.69,36.5,17.00,482.28,1.18
3706.0,3.71,37.4,17.00,482.28,1.17
3712.0,3.68,38.0,16.99,482.28,1.29
3718.0,3.67,38.0,16.99,482.29,1.27
3723.0,3.69,38.0,16.99,482.29,1.25
3729.0,3.69,38.1,16.98,482.30,1.23
3735.0,3.68,38.1,16.98,482.30,1.21
3740.0,3.66,38.0,16.99,482.29,1.19
3746.0,3.71,38.0,16.99,482.29,1.18
3752.0,3.66,37.2,16.99,482.29,1.22
3757.0,3.66,37.6,16.99,482.29,1.20
3763.0,3.70,37.9,16.99,482.28,1.19
3769.0,3.69,37.9,16.99,482.29,1.17
3775.0,3.77,38.0,16.99,482.29,1.16
3780.0,3.70,38.0,16.98,482.29,1.15
3786.0,3.72,38.0,16.99,482.29,1.13
3792.0,3.71,38.4,16.99,482.29,1.11
3797.0,3.69,38.1,16.98,482.30,1.10
3803.0,3.69,38.0,16.97,482.30,1.10
3809.0,3.68,38.0,16.97,482.30,1.17
3814.0,3.71,38.1,16.98,482.30,1.15
3820.0,3.71,38.2,16.98,482.30,1.14
3826.0,3.72,38.2,16.98,482.30,1.13
3831.0,3.69,38.1,16.98,482.30,1.12
3837.0,3.67,37.5,16.97,482.30,1.25
3843.0,3.66,37.9,16.97,482.31,1.23
3848.0,3.64,38.4,16.05,483.23,1.21
3854.0,4.98,43.6,16.49,482.79,1.19
3860.0,6.41,43.8,16.96,482.31,1.18
3865.0,3.63,40.5,16.97,482.31,1.16
3871.0,3.64,38.4,16.96,482.31,1.15
3877.0,3.74,37.0,16.97,482.31,1.27
3882.0,3.61,36.9,16.96,482.32,1.25
3888.0,3.68,37.5,16.97,482.31,1.23
3894.0,3.71,37.8,16.97,482.31,1.21
3899.0,3.68,38.0,16.96,482.32,1.20
3905.0,3.68,38.0,16.97,482.31,1.18
3911.0,3.62,38.0,16.97,482.31,1.16
3916.0,3.65,38.0,16.98,482.30,1.15
3922.0,3.72,38.0,16.97,482.31,1.20
3928.0,3.72,38.1,16.97,482.31,1.18
3933.0,3.67,37.2,16.96,482.31,1.17
3939.0,3.68,36.9,16.98,482.30,1.16
3945.0,3.66,36.8,16.97,482.30,1.14
3950.0,3.71,36.4,16.98,482.30,1.13
3956.0,3.71,36.2,16.98,482.30,1.12
3962.0,3.70,36.6,16.97,482.30,1.18
3967.0,3.66,37.1,16.98,482.29,1.16
3973.0,3.69,37.1,16.98,482.30,1.15
3979.0,3.68,37.1,16.99,482.29,1.14
3984.0,3.72,37.8,16.99,482.29,1.13
3990.0,3.71,37.9,16.99,482.29,1.20
3996.0,3.67,37.9,16.98,482.30,1.18
4002.0,3.67,37.4,16.98,482.30,1.16
4007.0,3.67,36.8,16.98,482.30,1.21
4013.0,3.71,37.2,16.98,482.30,1.20
4019.0,3.67,37.1,16.98,482.30,1.18
4024.0,3.70,37.8,16.98,482.30,1.16
4030.0,3.74,38.0,16.98,482.29,1.15
4036.0,3.67,38.1,16.99,482.29,1.14
4041.0,3.72,38.0,16.99,482.29,1.13
4047.0,3.72,38.2,16.99,482.28,1.18
4053.0,3.69,38.4,17.00,482.28,1.17
4058.0,3.69,37.5,16.99,482.28,1.15
4064.0,3.67,36.9,16.99,482.29,1.14
4070.0,3.68,36.6,16.99,482.28,1.13
4075.0,3.69,36.5,16.99,482.29,1.12
4081.0,3.67,36.6,17.00,482.28,1.11
4087.0,3.69,36.6,16.99,482.29,1.17
4092.0,3.69,36.9,17.00,482.28,1.15
4098.0,3.62,36.9,17.00,482.28,1.14
4104.0,3.71,37.0,17.00,482.28,1.13
4109.0,3.71,37.6,17.00,482.28,1.12
4115.0,3.67,38.1,17.00,482.28,1.11
4121.0,5.06,43.5,16.49,482.78,3.58
4126.0,6.39,44.5,16.85,482.43,3.38
4132.0,3.62,42.9,16.98,482.30,3.16
4138.0,3.65,40.5,16.99,482.29,3.06
4143.0,3.86,39.0,16.99,482.28,2.90
4149.0,3.72,38.0,16.99,482.29,2.75
4155.0,3.59,37.5,16.99,482.29,2.61
4160.0,3.65,37.5,16.99,482.29,2.48
4166.0,3.65,37.6,16.98,482.29,2.36
4172.0,3.67,37.6,16.99,482.29,2.22
4177.0,3.66,37.5,16.99,482.29,2.12
4183.0,3.66,37.5,16.99,482.28,2.03
4189.0,3.65,36.9,17.00,482.28,1.95
4194.0,3.72,36.6,17.00,482.28,1.87
4200.0,3.70,36.8,17.00,482.28,1.80
4206.0,3.75,37.5,17.00,482.27,1.74
4211.0,3.65,37.6,17.00,482.27,1.68
4217.0,3.66,37.8,17.00,482.28,1.65
4223.0,3.68,37.0,17.00,482.28,1.60
4229.0,3.68,37.2,17.00,482.28,1.55
4234.0,3.67,37.4,17.00,482.28,1.50
4240.0,3.69,37.5,17.00,482.28,1.46
4246.0,3.65,37.1,17.00,482.28,1.43
4251.0,3.67,37.8,16.99,482.28,1.39
4257.0,3.67,37.6,17.00,482.28,1.41
4263.0,3.67,37.9,16.99,482.28,1.37
4268.0,3.70,38.0,16.99,482.29,1.34
4274.0,3.66,37.8,16.98,482.30,1.31
4280.0,3.67,36.8,16.99,482.29,1.37
4285.0,3.65,36.2,16.99,482.29,1.34
4291.0,3.67,36.1,16.99,482.28,1.31
4297.0,3.67,36.4,16.99,482.29,1.26
4302.0,3.65,37.4,16.99,482.29,1.24
4308.0,3.67,37.8,16.99,482.29,1.22
4314.0,3.67,37.9,16.99,482.29,1.29
4319.0,3.77,38.0,17.00,482.28,1.26
4325.0,3.67,37.9,16.99,482.29,1.24
4331.0,3.66,37.9,16.99,482.29,1.22
4336.0,3.66,37.9,16.99,482.28,1.20
4342.0,3.67,37.8,17.00,482.28,1.25
4348.0,3.65,37.6,17.00,482.28,1.23
4353.0,3.69,37.6,16.99,482.29,1.21
4359.0,3.70,37.8,16.99,482.29,1.19
4365.0,3.73,37.9,16.98,482.30,1.17
4370.0,3.66,37.9,16.98,482.29,1.16
4376.0,3.67,37.9,16.99,482.29,1.15
4382.0,3.67,38.0,16.99,482.29,1.20
4387.0,3.70,37.9,16.99,482.29,1.18
4393.0,3.67,37.9,16.98,482.29,1.17
4399.0,3.66,37.8,16.99,482.29,1.15
4404.0,3.68,37.5,16.99,482.29,1.14
4410.0,3.65,37.4,16.99,482.29,1.13
4416.0,3.65,36.8,16.99,482.28,1.12
4421.0,3.92,36.9,17.00,482.28,1.11
4427.0,3.64,37.4,16.99,482.29,1.17
4433.0,3.67,37.9,16.99,482.29,1.15
4438.0,3.67,37.8,16.99,482.29,1.14
4444.0,3.70,37.6,16.99,482.28,1.13
4450.0,3.68,37.8,16.98,482.29,1.12
4456.0,3.66,37.8,16.99,482.29,1.11
4461.0,3.68,37.6,16.99,482.29,1.10
4467.0,3.69,37.6,16.99,482.29,1.16
4473.0,3.76,38.0,17.01,482.26,1.14
4478.0,3.66,38.0,17.01,482.26,1.13
4484.0,3.67,37.9,17.02,482.26,1.12
4490.0,3.74,37.8,17.02,482.26,1.11
4495.0,3.65,37.9,17.02,482.25,1.10
4501.0,3.67,37.9,17.02,482.26,1.09
4507.0,3.68,37.8,17.02,482.26,1.09
4512.0,3.66,37.6,17.01,482.26,1.15
4518.0,3.67,37.6,17.01,482.27,1.13
4524.0,3.67,36.6,17.02,482.26,1.12
4529.0,3.63,36.4,17.01,482.26,1.11
4535.0,3.63,36.4,17.01,482.26,1.10
4541.0,3.64,36.4,17.01,482.27,1.10
4546.0,3.66,37.6,17.02,482.26,1.09
4552.0,3.67,37.8,17.01,482.26,1.29
4558.0,3.68,37.9,17.01,482.27,1.27
4563.0,3.69,37.8,17.02,482.26,1.25
4569.0,3.69,37.8,17.02,482.26,1.23
4575.0,3.67,37.2,17.02,482.26,1.21
4580.0,3.65,36.6,17.02,482.26,1.19
4586.0,3.67,37.2,17.02,482.26,1.18
4592.0,3.74,37.5,17.03,482.25,1.22
4597.0,3.80,37.8,17.02,482.26,1.21
4603.0,3.75,37.9,17.02,482.26,1.19
4609.0,3.66,37.9,17.02,482.25,1.25
4614.0,3.66,38.0,17.02,482.25,1.23
4620.0,3.68,37.9,17.02,482.26,1.21
4626.0,3.70,37.9,17.02,482.25,1.20
4631.0,3.73,37.8,17.02,482.26,1.18
4637.0,3.70,37.9,17.03,482.25,1.23
4643.0,3.69,37.9,17.02,482.25,1.21
4649.0,3.69,37.8,17.03,482.25,1.19
4654.0,3.69,37.9,17.02,482.26,1.18
4660.0,3.64,38.0,17.03,482.25,1.16
4666.0,3.66,37.8,17.02,482.26,1.15
4671.0,3.66,36.9,17.03,482.25,1.14
4677.0,3.65,37.1,17.03,482.25,1.19
4683.0,3.66,37.4,17.03,482.25,1.17
4688.0,3.67,37.8,17.03,482.25,1.16
4694.0,3.69,37.9,17.03,482.25,1.15
4700.0,3.70,37.8,17.03,482.25,1.13
4705.0,3.70,37.6,17.02,482.25,1.12
4711.0,3.64,37.8,17.02,482.26,1.11
4717.0,3.63,37.6,17.03,482.25,1.18
4722.0,3.73,37.5,17.03,482.25,1.39
4728.0,3.69,37.6,17.02,482.25,1.36
4734.0,3.70,37.8,17.02,482.26,1.33
4739.0,3.67,36.9,17.02,482.26,1.30
4745.0,5.08,41.9,16.56,482.72,1.28
4751.0,6.43,44.1,16.81,482.46,1.26
4756.0,3.64,40.9,17.02,482.26,1.24
4762.0,3.64,38.5,17.03,482.25,1.35
4768.0,3.66,37.1,17.03,482.25,1.33
4773.0,3.65,36.5,17.03,482.25,1.30
4779.0,3.64,36.4,17.03,482.24,1.27
4785.0,3.63,36.6,17.04,482.24,1.25
4790.0,3.66,36.4,17.03,482.24,1.23
4796.0,3.66,36.2,17.03,482.24,1.21
4802.0,3.64,36.6,17.03,482.25,1.26
4807.0,3.65,36.6,17.03,482.24,1.24
4813.0,3.65,36.6,17.03,482.24,1.22
4819.0,3.65,36.6,17.03,482.24,1.28
4824.0,3.66,36.6,17.03,482.25,1.26
4830.0,3.65,37.2,17.03,482.24,1.24
4836.0,3.64,38.1,17.03,482.24,1.22
4841.0,3.64,37.2,17.04,482.24,1.20
4847.0,3.66,36.8,17.04,482.23,1.24
4853.0,3.64,37.9,17.04,482.24,1.22
4858.0,3.63,38.2,17.04,482.24,1.21
4864.0,3.64,38.2,17.05,482.23,1.19
4870.0,3.68,37.1,17.04,482.23,1.17
4876.0,3.66,36.8,17.03,482.25,1.16
4881.0,3.66,36.9,17.04,482.24,1.15
4887.0,3.66,36.8,17.03,482.25,1.20
4893.0,3.65,36.6,17.03,482.25,1.18
4898.0,3.65,36.6,17.03,482.25,1.17
4904.0,3.66,36.6,17.03,482.25,1.15
4910.0,3.67,36.4,17.02,482.25,1.14
4915.0,3.67,36.2,17.02,482.25,1.13
4921.0,3.66,36.2,17.02,482.26,1.12
4927.0,3.64,36.1,17.02,482.26,1.11
4932.0,5.05,43.0,16.54,482.74,1.17
4938.0,6.40,44.5,16.75,482.53,3.63
4944.0,3.65,41.6,17.03,482.25,3.42
4949.0,3.65,39.8,17.03,482.25,3.23
4955.0,3.64,38.8,17.03,482.25,3.05
4961.0,3.67,38.5,17.03,482.24,2.89
4966.0,3.66,38.4,17.04,482.24,2.81
4972.0,3.67,38.4,17.03,482.24,2.61
4978.0,3.66,38.2,17.03,482.25,2.48
4983.0,3.64,37.4,17.03,482.24,2.36
4989.0,3.70,36.9,17.03,482.25,2.25
4995.0,3.67,37.4,17.03,482.24,2.15
5000.0,3.66,38.1,17.03,482.25,2.06
5006.0,3.66,38.2,17.03,482.25,2.05
5012.0,3.65,38.2,17.02,482.25,1.97
5017.0,3.68,37.2,17.03,482.25,1.89
5023.0,3.69,36.9,17.02,482.25,1.82
5029.0,3.68,36.8,17.03,482.25,1.76
5034.0,3.66,37.6,17.03,482.25,1.70
5040.0,3.67,38.2,17.03,482.25,1.64
5046.0,5.03,42.2,16.47,482.80,1.59
5051.0,5.00,44.9,16.66,482.62,1.54
5057.0,5.05,42.6,17.01,482.26,1.53
5063.0,3.64,39.6,17.02,482.26,1.49
5068.0,3.72,37.9,17.02,482.26,1.45
5074.0,3.68,36.9,17.02,482.26,1.41
5080.0,3.67,37.8,17.02,482.26,1.38
5086.0,3.68,38.1,17.03,482.25,1.35
5091.0,3.65,38.1,17.03,482.25,1.32
5097.0,3.65,37.8,17.03,482.25,1.34
5103.0,3.68,37.0,17.03,482.25,1.32
5108.0,3.71,36.6,17.03,482.25,1.29
5114.0,3.68,36.6,17.01,482.26,1.27
5120.0,3.67,37.0,17.01,482.27,1.25
5125.0,3.66,36.6,17.00,482.27,1.23
5131.0,3.67,36.6,17.01,482.27,1.21
5137.0,3.69,36.9,17.00,482.27,1.19
5142.0,3.68,37.8,17.01,482.27,1.31
5148.0,3.63,38.1,17.01,482.27,1.28
5154.0,3.67,38.2,17.02,482.26,1.26
5159.0,3.68,38.4,17.01,482.26,1.24
5165.0,3.65,38.4,17.02,482.26,1.22
5171.0,3.67,38.1,17.01,482.27,1.20
5176.0,3.68,38.2,17.01,482.27,1.19
5182.0,3.66,38.1,17.01,482.26,1.23
5188.0,3.65,38.0,17.01,482.27,1.21
5193.0,5.05,41.6,16.37,482.91,1.28
5199.0,5.00,42.4,16.61,482.67,1.25
5205.0,5.03,41.8,16.99,482.28,1.23
5210.0,3.64,39.1,17.00,482.27,1.21
5216.0,3.77,37.6,17.00,482.28,1.20
5222.0,3.64,36.6,17.01,482.27,1.18
5227.0,3.73,36.5,17.01,482.27,1.23
5233.0,3.72,36.6,17.01,482.26,1.21
5239.0,3.69,37.8,17.01,482.27,1.19
5244.0,3.65,38.0,17.01,482.27,1.17
5250.0,3.69,38.1,17.02,482.26,1.16
5256.0,3.65,37.4,17.02,482.26,1.15
5261.0,3.66,37.5,17.01,482.27,1.14
5267.0,3.69,36.8,17.01,482.26,1.19
5273.0,3.66,36.5,17.02,482.25,1.17
5278.0,3.67,37.8,17.02,482.26,1.16
5284.0,3.69,37.9,17.01,482.26,1.15
5290.0,3.71,37.0,17.01,482.26,1.13
5295.0,3.70,36.5,17.01,482.26,1.12
5301.0,3.69,36.2,17.01,482.26,1.11
5307.0,3.70,36.0,17.01,482.26,1.10
5312.0,3.70,36.1,17.01,482.27,1.24
5318.0,3.69,36.4,17.01,482.27,1.22
5324.0,3.78,36.2,17.01,482.27,1.29
5330.0,3.72,36.4,17.01,482.27,1.26
5335.0,3.66,36.8,17.01,482.27,1.24
5341.0,3.70,36.5,17.01,482.27,1.30
5347.0,3.75,36.5,17.01,482.26,1.28
5352.0,3.67,36.6,17.01,482.26,1.31
5358.0,3.69,36.4,17.01,482.27,1.28
5364.0,3.70,36.2,17.01,482.27,1.26
5369.0,3.72,36.4,17.02,482.26,1.24
5375.0,5.04,42.0,16.52,482.76,1.22
5381.0,6.43,42.8,16.71,482.57,1.20
5386.0,3.60,41.1,17.02,482.26,1.18
5392.0,3.66,38.6,17.02,482.26,1.23
5398.0,3.87,37.1,17.02,482.26,1.21
5403.0,3.59,36.2,17.02,482.26,1.19
5409.0,3.63,35.9,17.02,482.26,1.18
5415.0,3.74,35.9,17.03,482.25,1.16
5420.0,3.72,35.9,17.02,482.26,1.15
5426.0,3.66,36.1,17.02,482.26,1.14
5432.0,3.67,36.4,17.02,482.26,1.13
5437.0,3.68,36.2,17.02,482.26,1.26
5443.0,3.69,36.0,17.02,482.26,1.23
5449.0,3.73,36.0,17.02,482.26,1.22
5454.0,3.69,36.2,17.02,482.26,1.28
5460.0,3.67,36.5,17.02,482.25,1.26
5466.0,3.70,37.5,17.03,482.25,1.24
5471.0,3.70,37.5,17.03,482.25,1.22
5477.0,3.70,36.6,17.03,482.25,1.26
5483.0,3.69,36.6,17.02,482.25,1.24
5489.0,3.68,37.5,17.02,482.25,1.22
5494.0,3.64,37.9,17.02,482.26,1.20
5500.0,3.68,37.0,17.02,482.26,1.18
5506.0,3.70,37.4,17.01,482.26,1.17
5511.0,3.70,36.9,17.02,482.26,1.15
5517.0,3.69,37.6,17.03,482.25,1.13
5523.0,3.66,38.0,17.03,482.25,1.12
5528.0,3.66,37.4,17.02,482.26,1.11
5534.0,3.67,37.1,17.03,482.25,1.10
5540.0,3.72,36.8,17.02,482.26,1.09
5545.0,3.67,37.5,17.01,482.26,1.08
5551.0,3.67,37.2,17.02,482.26,1.08
5557.0,3.67,37.6,17.01,482.27,1.07
5562.0,3.69,38.0,17.02,482.26,1.13
5568.0,3.71,38.0,17.02,482.25,1.12
5574.0,3.68,38.2,17.02,482.26,1.11
5579.0,3.68,38.2,17.01,482.27,1.10
5585.0,3.71,38.1,17.02,482.26,1.10
5591.0,3.67,37.0,17.02,482.25,1.09
5596.0,3.70,36.4,17.03,482.25,1.08
5602.0,3.70,36.4,17.02,482.26,1.21
5608.0,3.71,36.1,17.02,482.26,1.20
5613.0,3.71,36.5,17.01,482.27,1.18
5619.0,3.70,36.4,17.01,482.27,1.17
5625.0,3.74,36.1,17.01,482.27,1.15
5630.0,3.73,36.0,17.01,482.27,1.14
5636.0,3.69,36.0,17.01,482.27,1.13
5642.0,5.06,41.5,16.47,482.80,1.12
5647.0,5.00,42.2,16.67,482.61,1.17
5653.0,4.96,44.8,17.02,482.25,1.16
5659.0,3.66,40.6,17.03,482.25,1.15
5665.0,3.92,38.6,17.03,482.25,1.13
5670.0,3.72,37.0,17.03,482.25,1.12
5676.0,3.60,36.2,17.03,482.25,1.11
5682.0,3.63,35.8,17.03,482.25,1.10
5687.0,3.67,35.8,17.02,482.26,1.16
5693.0,3.67,35.8,17.02,482.26,1.15
5699.0,3.64,35.8,17.03,482.25,1.14
5704.0,3.66,35.8,17.03,482.25,1.21
5710.0,3.74,35.8,17.03,482.25,1.19
5716.0,3.76,35.8,17.02,482.26,1.17
5721.0,3.68,36.0,17.02,482.26,1.16
5727.0,3.65,36.1,17.02,482.25,1.28
5733.0,3.63,36.1,17.02,482.25,1.26
5738.0,3.70,36.2,17.02,482.26,1.24
5744.0,3.67,35.9,17.01,482.26,1.22
5750.0,3.67,35.8,17.02,482.26,1.20
5755.0,3.64,35.8,17.02,482.25,1.18
5761.0,3.67,35.8,17.02,482.25,1.17
5767.0,3.67,36.1,17.02,482.26,1.16
5772.0,3.74,36.5,17.02,482.26,1.21
5778.0,3.64,37.6,17.01,482.27,1.19
5784.0,3.65,37.9,17.01,482.27,1.17
5789.0,3.64,37.9,17.01,482.26,1.16
5795.0,3.72,37.6,17.01,482.27,1.15
5801.0,3.64,37.9,17.02,482.26,1.13
5806.0,3.66,37.2,17.01,482.26,1.20
5812.0,3.67,36.8,17.01,482.26,1.25
5818.0,3.64,36.9,17.01,482.27,1.23
5824.0,3.68,36.6,17.02,482.26,1.21
5829.0,3.74,36.5,17.02,482.26,1.19
5835.0,3.69,37.1,17.02,482.26,1.17
5841.0,3.72,37.5,17.02,482.26,1.16
5846.0,3.66,37.9,17.02,482.26,1.23
5852.0,3.67,38.0,17.02,482.25,1.21
5858.0,3.65,38.0,17.02,482.26,1.25
5863.0,3.67,37.9,17.02,482.25,1.23
5869.0,3.64,37.8,17.02,482.26,1.21
5875.0,3.62,37.6,17.02,482.25,1.19
5880.0,3.66,37.1,17.02,482.26,1.18
5886.0,3.69,36.6,17.02,482.26,1.16
5892.0,3.66,36.4,17.02,482.26,1.15
5897.0,3.69,36.4,17.02,482.26,1.28
5903.0,3.75,36.4,17.01,482.27,1.26
5909.0,3.67,36.4,17.01,482.26,1.24
5914.0,3.66,36.5,17.01,482.27,1.22
5920.0,3.68,36.1,17.01,482.26,1.20
5926.0,3.73,35.8,17.01,482.27,1.18
5931.0,3.65,35.8,17.02,482.26,1.17
5937.0,3.68,35.8,17.01,482.26,1.37
5943.0,3.67,36.0,17.01,482.26,1.34
5948.0,3.68,36.0,17.01,482.27,1.31
5954.0,3.68,36.1,17.01,482.26,1.29
5960.0,3.76,36.2,17.02,482.26,1.27
5965.0,3.66,36.4,17.02,482.25,1.24
5971.0,3.64,36.2,17.02,482.26,1.22
5977.0,3.64,36.2,17.02,482.26,1.21
5982.0,3.69,36.1,17.02,482.26,1.25
5988.0,3.68,36.2,17.01,482.26,1.23
5994.0,3.67,36.1,17.02,482.26,1.21
5999.0,3.63,36.4,17.02,482.25,1.19
6005.0,3.72,36.2,17.03,482.25,1.18
6011.0,3.68,36.5,17.02,482.26,1.16
6017.0,3.73,36.5,17.02,482.26,1.23
6022.0,3.63,37.1,17.03,482.25,1.27
6028.0,3.64,37.6,17.02,482.25,1.25
6034.0,3.70,37.9,17.03,482.25,1.23
6039.0,3.63,37.1,17.03,482.24,1.21
6045.0,3.66,37.2,17.03,482.25,1.19
6051.0,3.67,37.9,17.03,482.24,1.18
6056.0,3.65,38.2,17.04,482.24,1.16
6062.0,3.70,38.1,17.03,482.25,1.15
6068.0,3.66,37.9,17.03,482.25,1.20
6073.0,3.73,37.8,17.03,482.25,1.18
6079.0,3.65,37.9,17.04,482.24,1.17
6085.0,3.65,37.9,17.03,482.25,1.15
6090.0,3.67,37.9,17.03,482.25,1.14
6096.0,3.66,37.0,17.03,482.25,1.13
6102.0,3.68,36.5,17.03,482.25,1.12
6107.0,3.62,36.4,17.03,482.25,1.17
6113.0,3.69,36.1,17.03,482.25,1.16
6119.0,3.69,36.1,17.04,482.24,1.15
6124.0,3.69,36.2,17.03,482.25,1.13
6130.0,3.71,36.4,17.02,482.26,1.12
6136.0,3.67,36.1,17.02,482.26,1.11
6141.0,3.66,36.0,17.02,482.26,1.10
6147.0,3.69,36.0,17.02,482.26,1.16
6153.0,3.69,35.9,17.03,482.25,1.15
6158.0,3.69,36.0,17.02,482.26,1.14
6164.0,3.67,36.1,17.02,482.26,1.21
6170.0,3.73,36.4,17.02,482.26,1.19
6176.0,3.68,36.1,17.02,482.26,1.17
6181.0,3.68,36.1,17.01,482.26,1.16
6187.0,3.73,36.1,17.01,482.27,1.15
6193.0,3.68,36.8,17.01,482.27,1.20
6198.0,3.64,37.5,17.01,482.27,1.18
6204.0,3.65,37.6,17.01,482.27,1.17
6210.0,3.66,37.9,17.01,482.27,1.15
6215.0,3.63,37.9,17.01,482.27,1.14
6221.0,3.67,38.1,17.00,482.27,1.13
6227.0,3.69,37.9,17.01,482.27,1.12
6232.0,3.62,38.0,17.01,482.27,1.17
6238.0,3.66,37.9,17.01,482.27,1.16
6244.0,3.73,37.6,17.01,482.27,1.15
6249.0,3.66,37.8,17.01,482.26,1.13
6255.0,3.70,37.9,17.01,482.27,1.12
6261.0,3.73,38.1,17.00,482.27,1.11
6266.0,5.03,42.0,16.55,482.72,1.10
6272.0,6.44,42.6,16.77,482.51,1.10
6278.0,3.63,40.8,17.04,482.24,1.45
6283.0,3.61,39.2,17.03,482.25,1.41
6289.0,3.62,38.6,17.04,482.24,1.46
6295.0,3.63,38.4,17.04,482.24,1.42
6300.0,3.61,38.4,17.03,482.24,1.39
6306.0,3.69,37.4,17.03,482.25,1.36
6312.0,3.64,36.9,17.02,482.25,1.33
6317.0,3.62,37.9,17.02,482.26,1.50
6323.0,3.66,37.1,17.01,482.27,1.46
6329.0,3.64,36.9,17.01,482.26,1.42
6334.0,3.65,37.0,17.01,482.27,1.39
6340.0,3.62,38.0,17.02,482.26,1.36
6346.0,3.59,38.2,17.02,482.26,1.33
6351.0,3.62,38.4,17.02,482.26,1.30
6357.0,3.62,38.4,17.01,482.27,1.33
6363.0,3.63,38.2,17.01,482.27,1.30
6368.0,3.64,37.4,17.01,482.27,1.28
6374.0,3.65,36.9,17.01,482.26,1.26
6380.0,3.65,36.8,17.01,482.26,1.23
6385.0,3.69,36.8,17.02,482.26,1.22
6391.0,3.66,36.8,17.02,482.26,1.20
6397.0,3.67,36.8,17.02,482.26,1.18
6403.0,3.65,36.8,17.02,482.25,1.23
6408.0,3.64,37.5,17.03,482.25,1.21
6414.0,3.64,38.1,17.03,482.25,1.19
6420.0,3.62,38.2,17.03,482.24,1.18
6425.0,3.69,38.2,17.03,482.25,1.16
6431.0,3.67,37.9,17.02,482.25,1.15
6437.0,3.64,37.0,17.03,482.25,1.14
6442.0,3.67,36.8,17.02,482.26,1.19
6448.0,3.64,37.8,17.02,482.25,1.17
6454.0,5.05,43.8,16.53,482.74,1.16
6459.0,6.42,44.0,16.74,482.54,1.15
6465.0,3.61,41.4,17.02,482.26,1.13
6471.0,3.65,39.0,17.03,482.25,1.12
6476.0,3.63,37.5,17.02,482.25,1.11
6482.0,3.65,36.9,17.02,482.26,1.10
6488.0,3.68,36.9,17.03,482.25,1.24
6493.0,3.65,37.9,17.02,482.26,1.22
6499.0,3.63,38.2,17.01,482.27,1.20
6505.0,3.65,38.2,17.01,482.26,1.18
6510.0,3.63,38.2,17.01,482.26,1.17
6516.0,3.64,38.4,17.01,482.26,1.15
6522.0,3.64,38.2,17.01,482.27,1.14
6527.0,3.72,38.2,17.01,482.27,1.19
6533.0,3.64,38.2,17.01,482.27,1.18
6539.0,3.66,38.2,17.01,482.27,1.16
6544.0,3.64,38.2,17.01,482.26,1.15
6550.0,3.66,38.2,17.01,482.26,1.14
6556.0,3.65,38.2,17.01,482.27,1.13
6561.0,3.66,38.2,17.02,482.26,1.12
6567.0,5.02,42.2,16.48,482.80,1.26
6573.0,4.98,43.9,16.66,482.62,1.24
6578.0,5.02,42.1,17.04,482.24,1.22
6584.0,3.63,39.6,17.03,482.24,1.36
6590.0,3.73,37.8,17.04,482.24,1.33
6595.0,3.66,36.6,17.04,482.23,1.31
6601.0,3.69,36.2,17.04,482.24,1.28
6607.0,3.65,36.4,17.05,482.23,1.26
6612.0,3.68,36.2,17.05,482.22,1.29
6618.0,3.68,36.5,17.05,482.23,1.35
6624.0,3.66,36.6,17.05,482.23,1.32
6630.0,3.68,36.5,17.05,482.22,1.29
6635.0,3.66,36.4,17.05,482.23,1.27
6641.0,3.65,36.2,17.05,482.23,1.25
6647.0,3.64,36.5,17.04,482.23,1.23
6652.0,3.66,37.5,17.04,482.24,1.27
6658.0,3.63,37.8,17.04,482.23,1.25
6664.0,3.67,37.1,17.04,482.24,1.23
6669.0,3.68,38.0,17.04,482.24,1.29
6675.0,3.65,37.9,17.04,482.24,1.26
6681.0,3.63,38.1,17.04,482.23,1.32
6686.0,3.63,38.2,17.05,482.23,1.30
6692.0,3.66,37.4,17.04,482.24,1.27
6698.0,3.66,37.9,17.05,482.23,1.31
6703.0,3.65,37.4,17.05,482.23,1.28
6709.0,3.64,37.9,17.04,482.23,1.26
6715.0,5.06,41.8,16.34,482.94,1.24
6720.0,5.03,42.5,16.63,482.65,1.22
6726.0,5.00,43.4,17.03,482.25,1.20
6732.0,3.65,40.8,17.04,482.24,1.18
6737.0,3.74,39.2,17.04,482.23,1.23
6743.0,3.59,38.1,17.04,482.24,1.21
6749.0,3.66,38.1,17.03,482.24,1.19
6754.0,3.68,38.2,17.03,482.25,1.18
6760.0,3.64,38.2,17.04,482.24,1.16
6766.0,3.66,38.1,17.03,482.25,1.15
6771.0,3.66,38.0,17.03,482.25,1.14
6777.0,3.64,38.2,17.03,482.24,1.13
6783.0,3.66,38.4,17.04,482.24,1.18
6788.0,3.71,38.1,17.04,482.24,1.17
6794.0,3.67,38.1,17.04,482.23,1.15
6800.0,3.65,38.2,17.03,482.24,1.14
6805.0,3.66,38.1,17.04,482.24,1.13
6811.0,3.68,38.1,17.04,482.24,1.12
6817.0,3.66,38.0,17.04,482.24,1.11
6822.0,3.66,38.1,17.04,482.24,1.17
6828.0,3.74,38.0,17.05,482.23,1.15
6834.0,3.69,38.2,17.04,482.23,1.14
6839.0,3.67,38.2,17.04,482.24,1.13
6845.0,3.65,38.1,17.04,482.24,1.12
6851.0,3.68,38.0,17.04,482.24,1.11
6856.0,3.65,38.0,17.04,482.24,1.10
6862.0,3.67,37.1,17.04,482.24,1.08
6868.0,3.69,37.1,17.04,482.24,1.08
6874.0,3.66,37.9,17.03,482.24,1.07
6879.0,3.67,38.1,17.03,482.24,1.06
6885.0,3.68,38.0,17.03,482.24,1.06
6891.0,3.65,38.0,17.03,482.25,1.05
6896.0,5.06,40.5,16.30,482.98,1.05
6902.0,3.58,42.1,16.57,482.70,1.05
6908.0,6.44,44.9,17.03,482.25,1.11
6913.0,3.64,41.5,17.04,482.24,1.10
6919.0,3.79,39.6,17.03,482.25,1.09
6925.0,3.60,38.4,17.02,482.25,1.17
6930.0,3.59,37.8,17.03,482.25,1.15
6936.0,3.71,38.0,17.03,482.25,1.14
6942.0,3.69,38.1,17.03,482.25,1.13
6947.0,3.68,38.4,17.03,482.25,1.18
6953.0,3.65,38.2,17.02,482.25,1.17
6959.0,3.65,38.1,17.03,482.25,1.15
6964.0,3.63,38.2,17.03,482.25,1.14
6970.0,3.66,38.1,17.03,482.24,1.13
6976.0,3.68,38.0,17.03,482.24,1.12
6981.0,3.65,38.1,17.04,482.24,1.11
6987.0,3.68,38.4,17.03,482.24,1.10
6993.0,3.65,38.2,17.04,482.24,1.16
6998.0,3.67,38.0,17.04,482.24,1.15
7004.0,3.68,38.0,17.03,482.25,1.13
7010.0,3.66,38.2,17.03,482.25,1.20
7015.0,3.65,38.2,17.02,482.25,1.19
7021.0,3.68,37.9,17.02,482.26,1.17
7027.0,3.72,37.0,17.02,482.25,1.16
7032.0,3.71,37.2,17.02,482.26,1.21
7038.0,3.67,38.1,17.02,482.26,1.19
7044.0,3.69,37.2,17.02,482.26,1.17
7049.0,3.68,36.9,17.01,482.26,1.24
7055.0,3.66,36.6,17.02,482.26,1.22
7061.0,3.69,37.2,17.02,482.26,1.28
7066.0,3.68,38.1,17.02,482.26,1.26
7072.0,3.64,38.2,17.01,482.27,1.24
7078.0,3.67,38.2,17.01,482.26,1.28
7084.0,3.65,38.4,17.01,482.26,1.25
7089.0,3.68,38.1,17.02,482.26,1.23
7095.0,3.67,37.4,17.01,482.27,1.21
7101.0,3.68,36.8,17.01,482.27,1.20
7106.0,3.66,37.6,17.01,482.27,1.18
7112.0,3.64,38.1,17.01,482.27,1.17
7118.0,3.66,38.0,17.01,482.27,1.29
7123.0,3.68,38.0,17.00,482.28,1.27
7129.0,3.76,38.1,17.00,482.28,1.25
7135.0,3.67,38.1,17.00,482.28,1.23
7140.0,3.66,38.1,17.00,482.28,1.21
7146.0,3.69,38.1,17.00,482.27,1.19
7152.0,3.70,38.1,17.00,482.28,1.18
7157.0,3.71,37.1,17.00,482.28,1.22
7163.0,3.67,37.5,16.10,483.18,1.21
7169.0,5.00,41.6,16.54,482.74,1.19
7174.0,6.45,43.6,17.03,482.25,1.17
7180.0,3.61,41.6,17.03,482.25,1.16
7186.0,3.65,39.2,17.03,482.25,1.15
7191.0,3.85,38.6,17.02,482.25,1.13
7197.0,3.73,37.8,17.01,482.26,1.12
7203.0,3.59,37.4,17.02,482.26,1.18
7208.0,3.64,36.5,17.01,482.26,1.16
7214.0,3.65,36.1,17.01,482.27,1.15
7220.0,3.64,36.0,17.01,482.27,1.14
7225.0,3.66,36.0,17.01,482.26,1.13
7231.0,3.66,36.0,17.02,482.26,1.12
7237.0,3.78,36.6,17.02,482.26,1.11
7242.0,3.60,37.4,17.02,482.26,1.16
7248.0,3.65,37.1,17.02,482.26,1.15
7254.0,3.68,36.9,17.02,482.25,1.14
7259.0,3.64,36.5,17.02,482.26,1.13
7265.0,3.68,36.2,17.03,482.25,1.12
7271.0,3.70,36.1,17.03,482.24,1.11
7276.0,3.67,36.2,17.04,482.24,1.10
7282.0,3.62,37.2,17.04,482.24,1.09
7288.0,3.67,37.6,17.03,482.25,1.22
7293.0,3.63,37.9,17.02,482.25,1.21
7299.0,3.71,37.9,17.03,482.25,1.19
7305.0,3.69,37.8,17.03,482.25,1.17
7310.0,3.63,38.0,17.03,482.25,1.16
7316.0,3.63,37.9,17.03,482.25,1.15
7322.0,3.60,38.1,17.03,482.25,1.13
7327.0,3.64,37.8,17.03,482.25,1.19
7333.0,3.65,37.8,17.03,482.25,1.17
7339.0,3.62,37.8,17.03,482.25,1.16
7345.0,3.63,37.9,17.03,482.25,1.14
7350.0,3.63,37.8,17.03,482.24,1.13
7356.0,3.63,37.9,17.03,482.25,1.12
7362.0,3.66,38.1,17.03,482.25,1.11
7367.0,3.71,37.8,17.03,482.25,1.10
7373.0,3.62,38.0,17.04,482.24,1.16
7379.0,3.64,37.8,17.03,482.24,1.15
7384.0,3.64,37.6,17.04,482.24,1.14
7390.0,3.70,37.2,17.03,482.25,1.12
7396.0,3.67,36.5,17.03,482.24,1.11
7401.0,3.70,36.4,17.02,482.25,1.10
7407.0,3.66,36.9,17.02,482.25,1.10
7413.0,3.62,38.0,17.02,482.26,1.16
7418.0,3.64,37.4,17.02,482.25,1.14
7424.0,3.66,36.8,17.02,482.25,1.13
7430.0,3.71,36.5,17.03,482.25,1.12
7435.0,3.64,36.1,17.03,482.25,1.11
7441.0,3.67,36.1,17.03,482.25,1.10
7447.0,3.66,36.1,17.03,482.25,1.09
7452.0,3.66,36.0,17.04,482.24,1.15
7458.0,3.65,36.0,17.03,482.24,1.14
7464.0,3.67,36.1,17.03,482.25,1.13
7469.0,3.66,35.9,17.03,482.25,1.12
7475.0,3.67,36.4,17.02,482.25,1.11
7481.0,3.74,36.2,17.02,482.25,1.10
7486.0,3.68,36.1,17.02,482.26,1.17
7492.0,3.65,36.2,17.02,482.25,1.16
7498.0,3.69,36.4,17.02,482.25,1.28
7503.0,3.66,36.0,17.02,482.25,1.26
7509.0,3.72,35.9,17.02,482.25,1.24
7515.0,3.70,36.0,17.02,482.25,1.22
7520.0,3.65,36.1,17.03,482.25,1.20
7526.0,3.68,36.4,17.02,482.26,1.18
7532.0,3.67,36.5,17.03,482.25,1.17
7538.0,3.66,36.1,17.03,482.25,1.22
7543.0,3.65,36.0,17.03,482.25,1.20
7549.0,3.64,36.2,17.03,482.25,1.18
7555.0,3.66,37.2,17.03,482.25,1.17
7560.0,3.64,37.5,17.02,482.25,1.15
7566.0,3.66,37.6,17.03,482.25,1.14
7572.0,3.64,37.9,17.03,482.25,1.13
7577.0,3.64,38.1,17.02,482.26,1.12
7583.0,3.64,38.1,17.02,482.26,1.17
7589.0,3.62,38.0,17.02,482.26,1.16
7594.0,3.64,37.1,17.02,482.26,1.15
7600.0,3.63,37.4,17.02,482.26,1.13
7606.0,3.64,37.9,17.02,482.25,1.12
7611.0,3.64,37.6,17.02,482.26,1.11
7617.0,3.64,37.8,17.02,482.26,1.10
7623.0,3.63,37.8,17.01,482.26,1.24
7628.0,3.68,37.9,17.02,482.26,1.22
7634.0,3.65,37.9,17.02,482.26,1.20
7640.0,3.63,37.9,17.02,482.26,1.18
7645.0,3.63,37.9,17.02,482.26,1.25
7651.0,3.62,37.9,17.02,482.26,1.23
7657.0,3.63,38.0,17.02,482.26,1.21
7662.0,3.65,38.0,17.02,482.25,1.25
7668.0,3.64,37.9,17.02,482.26,1.23
7674.0,3.64,37.9,17.02,482.26,1.21
7679.0,3.64,37.8,17.03,482.25,1.20
7685.0,3.64,37.9,17.02,482.25,1.18
7691.0,3.62,38.0,17.02,482.26,1.16
7696.0,3.62,37.9,17.03,482.25,1.15
7702.0,3.70,37.9,17.02,482.25,1.14
7708.0,3.65,37.9,17.03,482.25,1.19
7713.0,3.65,37.9,17.03,482.25,1.18
7719.0,3.61,37.9,17.03,482.25,1.16
7725.0,3.62,37.8,17.03,482.25,1.15
7730.0,3.66,37.8,17.02,482.26,1.14
7736.0,3.65,37.8,17.02,482.26,1.12
7742.0,3.62,37.6,17.02,482.26,1.11
7747.0,3.67,37.8,17.02,482.25,1.17
7753.0,3.61,37.9,17.03,482.25,1.16
7759.0,3.62,37.8,17.03,482.25,1.14
7764.0,3.67,37.6,17.03,482.25,1.13
7770.0,3.65,37.6,17.03,482.25,1.12
7776.0,3.70,37.8,17.03,482.24,1.11
7782.0,3.66,38.1,17.03,482.25,1.10
7787.0,1.51,37.1,16.12,483.16,1.09
7793.0,0.47,35.5,16.12,483.16,1.08
7799.0,0.45,34.6,16.12,483.16,0.99
7804.0,0.47,34.1,16.11,483.17,0.91
7810.0,0.44,33.8,16.11,483.17,0.84
