t_s,card,power_w,gpu_clock_mhz,throttle_reason,vram_used_mib
0.0,0,50.36,800,None,226.5078125
0.0,1,48.42,400,None,226.5
0.0,2,47.63,550,None,226.5
0.0,3,47.63,500,None,226.4375
5.0,0,50.41,800,None,226.5078125
5.0,1,48.45,400,None,226.5
5.0,2,47.59,550,None,226.5
5.0,3,47.75,500,None,226.4375
10.0,0,50.61,800,None,226.5078125
10.0,1,48.29,400,None,226.5
10.0,2,47.41,550,None,226.5
10.0,3,47.69,500,None,226.4375
15.0,0,50.49,800,None,226.5078125
15.0,1,48.12,400,None,226.5
15.0,2,47.42,550,None,226.5
15.0,3,47.76,500,None,226.4375
20.0,0,50.47,800,None,226.5078125
20.0,1,48.42,400,None,226.5
20.0,2,47.59,550,None,226.5
20.0,3,47.57,500,None,226.4375
25.0,0,49.58,800,None,226.5078125
25.0,1,48.02,400,None,226.5
25.0,2,47.13,550,None,226.5
25.0,3,47.19,500,None,226.4375
30.0,0,49.19,800,None,226.5078125
30.0,1,47.36,400,None,226.5
30.0,2,46.37,550,None,226.5
30.0,3,46.83,500,None,226.4375
35.0,0,49.46,800,None,226.5078125
35.0,1,47.70,400,None,226.5
35.0,2,46.62,550,None,226.5
35.0,3,46.96,500,None,226.4375
40.0,0,50.36,1350,None,401.359375
40.0,1,48.15,400,None,226.5
40.0,2,47.38,550,None,226.5
40.0,3,47.62,500,None,226.4375
45.0,0,52.22,1350,None,226.5078125
45.0,1,48.49,400,None,226.5
45.0,2,47.64,550,None,226.5
45.0,3,47.65,500,None,226.4375
50.0,0,52.69,1600,None,401.3671875
50.0,1,47.62,400,None,226.5
50.0,2,47.65,550,None,226.5
50.0,3,47.65,500,None,226.4375
55.0,0,52.62,1600,None,401.3671875
55.0,1,48.12,400,None,226.5
55.0,2,47.35,550,None,226.5
55.0,3,47.77,500,None,226.4375
60.0,0,52.27,1500,None,401.3671875
60.0,1,48.21,400,None,226.5
60.0,2,47.56,550,None,226.5
60.0,3,47.38,500,None,226.4375
65.0,0,51.96,1500,None,401.3671875
65.0,1,48.30,400,None,226.5
65.0,2,47.51,550,None,226.5
65.0,3,47.66,500,None,226.4375
70.0,0,50.22,1500,None,401.3671875
70.0,1,47.45,400,None,226.5
70.0,2,46.32,550,None,226.5
70.0,3,46.79,500,None,226.4375
75.0,0,52.72,2400,None,15235.859375
75.0,1,47.33,400,None,226.5
75.0,2,46.48,550,None,226.5
75.0,3,46.82,500,None,226.4375
80.0,0,71.10,2400,None,23662.328125
80.0,1,47.92,400,None,226.5
80.0,2,46.99,550,None,226.5
80.0,3,47.23,500,None,226.4375
85.0,0,57.89,1050,None,18819.76171875
85.0,1,48.46,400,None,226.5
85.0,2,47.60,550,None,226.5
85.0,3,47.53,500,None,226.4375
90.0,0,50.51,1050,None,18819.76171875
90.0,1,48.25,400,None,226.5
90.0,2,47.61,550,None,226.5
90.0,3,47.54,500,None,226.4375
95.0,0,53.86,1750,None,21440.21484375
95.0,1,48.09,400,None,226.5
95.0,2,47.31,550,None,226.5
95.0,3,47.63,500,None,226.4375
100.0,0,58.36,2400,None,21440.21484375
100.0,1,48.07,400,None,226.5
100.0,2,47.41,550,None,226.5
100.0,3,47.70,500,None,226.4375
105.0,0,67.26,2400,None,21440.21484375
105.0,1,48.40,400,None,226.5
105.0,2,47.63,550,None,226.5
105.0,3,47.54,500,None,226.4375
110.0,0,62.27,1450,None,20022.2109375
110.0,1,47.98,400,None,226.5
110.0,2,47.11,550,None,226.5
110.0,3,47.10,500,None,226.4375
115.0,0,52.89,1250,None,20022.2109375
115.0,1,47.55,400,None,226.5
115.0,2,46.37,550,None,226.5
115.0,3,46.72,500,None,226.4375
120.0,0,57.23,2400,None,19942.2734375
120.0,1,47.73,400,None,226.5
120.0,2,46.68,550,None,226.5
120.0,3,46.81,500,None,226.4375
125.0,0,57.71,2400,None,19942.2734375
125.0,1,48.31,400,None,226.5
125.0,2,47.43,550,None,226.5
125.0,3,47.37,500,None,226.4375
130.0,0,176.06,2267,PowerBurst,22967.08203125
130.0,1,48.26,400,None,226.5
130.0,2,47.66,550,None,226.5
130.0,3,47.73,500,None,226.4375
135.0,0,89.14,1050,None,23019.984375
135.0,1,48.20,400,None,226.5
135.0,2,47.24,550,None,226.5
135.0,3,47.67,500,None,226.4375
140.0,0,77.59,2400,None,19764.6328125
140.0,1,48.16,400,None,226.5
140.0,2,47.36,550,None,226.5
140.0,3,47.65,500,None,226.4375
145.0,0,50.97,1250,None,26257.1484375
145.0,1,48.36,400,None,226.5
145.0,2,47.60,550,None,226.5
145.0,3,47.42,500,None,226.4375
150.0,0,54.54,1800,None,26248.2421875
150.0,1,48.26,400,None,226.5
150.0,2,47.44,550,None,226.5
150.0,3,47.38,500,None,226.4375
155.0,0,51.16,1800,None,26008.2421875
155.0,1,47.49,400,None,226.5
155.0,2,46.36,550,None,226.5
155.0,3,46.77,500,None,226.4375
160.0,0,71.92,2400,None,26051.765625
160.0,1,47.55,400,None,226.5
160.0,2,46.58,550,None,226.5
160.0,3,46.97,500,None,226.4375
165.0,0,66.32,2400,None,26063.12109375
165.0,1,47.98,400,None,226.5
165.0,2,47.04,550,None,226.5
165.0,3,47.21,500,None,226.4375
170.0,0,138.26,2050,PowerBurst,26691.5625
170.0,1,48.46,400,None,226.5
170.0,2,47.71,550,None,226.5
170.0,3,47.82,500,None,226.4375
175.0,0,189.20,2400,None,26691.5625
175.0,1,48.35,400,None,226.5
175.0,2,47.61,550,None,226.5
175.0,3,47.85,500,None,226.4375
180.0,0,89.01,2400,None,26691.5625
180.0,1,48.15,400,None,226.5
180.0,2,47.34,550,None,226.5
180.0,3,47.71,500,None,226.4375
185.0,0,59.55,2400,None,26691.5625
185.0,1,48.10,400,None,226.5
185.0,2,47.48,550,None,226.5
185.0,3,47.34,500,None,226.4375
190.0,0,59.27,2400,None,26691.5625
190.0,1,48.45,400,None,226.5
190.0,2,47.65,550,None,226.5
190.0,3,47.54,500,None,226.4375
195.0,0,70.39,2050,PowerBurst,28425.75390625
195.0,1,47.52,400,None,226.5
195.0,2,46.59,550,None,226.5
195.0,3,46.96,500,None,226.4375
200.0,0,199.94,2050,PowerBurst,28425.75390625
200.0,1,47.56,400,None,226.5
200.0,2,46.46,550,None,226.5
200.0,3,46.99,500,None,226.4375
205.0,0,200.05,2033,PowerBurst,28425.75390625
205.0,1,47.71,400,None,226.5
205.0,2,46.73,550,None,226.5
205.0,3,47.02,500,None,226.4375
210.0,0,199.82,2083,PowerBurst,28426.0703125
210.0,1,48.39,400,None,226.5
210.0,2,47.57,550,None,226.5
210.0,3,47.63,500,None,226.4375
215.0,0,199.75,2117,PowerBurst,28426.0703125
215.0,1,48.33,400,None,226.5
215.0,2,47.67,550,None,226.5
215.0,3,47.82,500,None,226.4375
220.0,0,200.43,2033,PowerBurst,28426.0703125
220.0,1,48.19,400,None,226.5
220.0,2,47.31,550,None,226.5
220.0,3,47.78,500,None,226.4375
225.0,0,188.87,2400,None,28426.0703125
225.0,1,48.17,400,None,226.5
225.0,2,47.42,550,None,226.5
225.0,3,47.89,500,None,226.4375
230.0,0,184.77,2400,None,28426.0703125
230.0,1,48.41,400,None,226.5
230.0,2,47.64,550,None,226.5
230.0,3,47.85,500,None,226.4375
235.0,0,193.93,2033,PowerBurst,28426.0703125
235.0,1,47.90,400,None,226.5
235.0,2,47.02,550,None,226.5
235.0,3,47.65,500,None,226.4375
240.0,0,199.96,2050,PowerBurst,28426.0703125
240.0,1,47.56,400,None,226.5
240.0,2,46.43,550,None,226.5
240.0,3,47.02,500,None,226.4375
245.0,0,199.88,2050,PowerBurst,28426.0703125
245.0,1,47.57,400,None,226.5
245.0,2,46.56,550,None,226.5
245.0,3,46.90,500,None,226.4375
250.0,0,200.09,2033,PowerBurst,28426.0703125
250.0,1,48.12,400,None,226.5
250.0,2,47.24,550,None,226.5
250.0,3,47.42,500,None,226.4375
255.0,0,199.57,2117,PowerBurst,28426.0703125
255.0,1,48.36,400,None,226.5
255.0,2,47.67,550,None,226.5
255.0,3,47.83,500,None,226.4375
260.0,0,197.23,2400,None,28426.0703125
260.0,1,48.03,400,None,226.5
260.0,2,47.35,550,None,226.5
260.0,3,47.95,500,None,226.4375
265.0,0,185.30,2400,None,28426.0703125
265.0,1,48.22,400,None,226.5
265.0,2,47.38,550,None,226.5
265.0,3,47.95,500,None,226.4375
270.0,0,185.38,2083,PowerBurst,28426.0703125
270.0,1,48.28,400,None,226.5
270.0,2,47.48,550,None,226.5
270.0,3,47.83,500,None,226.4375
275.0,0,200.26,2033,PowerBurst,28426.0703125
275.0,1,48.50,400,None,226.5
275.0,2,47.70,550,None,226.5
275.0,3,47.79,500,None,226.4375
280.0,0,199.82,2067,PowerBurst,28426.0703125
280.0,1,47.53,400,None,226.5
280.0,2,46.52,550,None,226.5
280.0,3,47.15,500,None,226.4375
285.0,0,200.26,2017,PowerBurst,28426.0703125
285.0,1,47.50,400,None,226.5
285.0,2,46.50,550,None,226.5
285.0,3,46.95,500,None,226.4375
290.0,0,199.83,2050,PowerBurst,28426.0703125
290.0,1,47.74,400,None,226.5
290.0,2,46.83,550,None,226.5
290.0,3,47.13,500,None,226.4375
295.0,0,199.58,2133,PowerBurst,28426.0703125
295.0,1,48.32,400,None,226.5
295.0,2,47.67,550,None,226.5
295.0,3,47.88,500,None,226.4375
300.0,0,190.71,2400,None,28426.0703125
300.0,1,48.08,400,None,226.5
300.0,2,47.34,550,None,226.5
300.0,3,48.08,500,None,226.4375
305.0,0,185.40,2400,None,28426.0703125
305.0,1,48.26,400,None,226.5
305.0,2,47.38,550,None,226.5
305.0,3,48.02,500,None,226.4375
310.0,0,147.43,2400,None,28426.0703125
310.0,1,48.29,400,None,226.5
310.0,2,47.48,550,None,226.5
310.0,3,47.80,500,None,226.4375
315.0,0,60.38,2400,None,28426.0703125
315.0,1,48.47,400,None,226.5
315.0,2,47.72,550,None,226.5
315.0,3,47.66,500,None,226.4375
320.0,0,57.15,2400,None,28426.0703125
320.0,1,47.73,400,None,226.5
320.0,2,46.87,550,None,226.5
320.0,3,47.29,500,None,226.4375
325.0,0,146.92,2033,PowerBurst,28426.0703125
325.0,1,47.51,400,None,226.5
325.0,2,46.50,550,None,226.5
325.0,3,47.08,500,None,226.4375
330.0,0,199.95,2033,PowerBurst,28426.0703125
330.0,1,47.60,400,None,226.5
330.0,2,46.64,550,None,226.5
330.0,3,46.99,500,None,226.4375
335.0,0,200.01,2033,PowerBurst,28426.0703125
335.0,1,48.26,400,None,226.5
335.0,2,47.40,550,None,226.5
335.0,3,47.60,500,None,226.4375
340.0,0,199.61,2117,PowerBurst,28426.0703125
340.0,1,48.04,400,None,226.5
340.0,2,47.72,550,None,226.5
340.0,3,47.93,500,None,226.4375
345.0,0,200.31,2050,PowerBurst,28426.0703125
345.0,1,48.02,400,None,226.5
345.0,2,47.42,550,None,226.5
345.0,3,47.99,500,None,226.4375
350.0,0,196.47,2400,None,28426.0703125
350.0,1,48.26,400,None,226.5
350.1,2,47.48,550,None,226.5
350.1,3,47.67,500,None,226.4375
355.0,0,183.99,2400,None,28426.0703125
355.0,1,48.28,400,None,226.5
355.1,2,47.51,550,None,226.5
355.1,3,47.99,500,None,226.4375
360.1,0,185.36,2033,PowerBurst,28426.0703125
360.1,1,48.17,400,None,226.5
360.1,2,47.32,550,None,226.5
360.1,3,47.95,500,None,226.4375
365.1,0,200.08,2033,PowerBurst,28426.0703125
365.1,1,47.58,400,None,226.5
365.1,2,46.58,550,None,226.5
365.1,3,47.18,500,None,226.4375
370.1,0,200.00,2033,PowerBurst,28426.0703125
370.1,1,47.61,400,None,226.5
370.1,2,46.57,550,None,226.5
370.1,3,46.92,500,None,226.4375
375.1,0,199.47,2117,PowerBurst,28426.0703125
375.1,1,47.93,400,None,226.5
375.1,2,46.98,550,None,226.5
375.1,3,47.32,0,None,226.4375
380.1,0,200.18,2083,PowerBurst,28426.0703125
380.1,1,48.42,400,None,226.5
380.1,2,47.71,550,None,226.5
380.1,3,47.95,500,None,226.4375
385.1,0,200.12,2067,PowerBurst,28426.0703125
385.1,1,48.14,400,None,226.5
385.1,2,47.38,550,None,226.5
385.1,3,47.99,500,None,226.4375
390.1,0,190.03,2400,None,28426.0703125
390.1,1,48.26,400,None,226.5
390.1,2,47.39,550,None,226.5
390.1,3,48.01,500,None,226.4375
395.1,0,185.53,2400,None,28426.0703125
395.1,1,48.35,400,None,226.5
395.1,2,47.55,550,None,226.5
395.1,3,47.97,500,None,226.4375
400.1,0,193.27,2017,PowerBurst,28426.0703125
400.1,1,48.29,400,None,226.5
400.1,2,47.41,550,None,226.5
400.1,3,48.06,500,None,226.4375
405.1,0,200.01,2017,PowerBurst,28426.0703125
405.1,1,47.73,400,None,226.5
405.1,2,46.83,550,None,226.5
405.1,3,47.48,500,None,226.4375
410.1,0,199.71,2067,PowerBurst,28426.0703125
410.1,1,47.53,400,None,226.5
410.1,2,46.54,550,None,226.5
410.1,3,46.89,500,None,226.4375
415.1,0,200.00,2083,PowerBurst,28426.0703125
415.1,1,47.67,400,None,226.5
415.1,2,46.67,550,None,226.5
415.1,3,47.14,500,None,226.4375
420.1,0,200.26,2017,PowerBurst,28426.0703125
420.1,1,48.29,400,None,226.5
420.1,2,47.53,550,None,226.5
420.1,3,47.86,500,None,226.4375
425.1,0,197.39,2400,None,28426.0703125
425.1,1,48.13,400,None,226.5
425.1,2,47.43,550,None,226.5
425.1,3,48.08,500,None,226.4375
430.1,0,184.13,2400,None,28426.0703125
430.1,1,48.21,400,None,226.5
430.1,2,47.43,550,None,226.5
430.1,3,48.13,500,None,226.4375
435.1,0,185.24,2400,None,28426.0703125
435.1,1,48.36,400,None,226.5
435.1,2,47.52,550,None,226.5
435.1,3,47.90,500,None,226.4375
440.1,0,89.96,2400,None,28426.0703125
440.1,1,48.37,400,None,226.5
440.1,2,47.64,550,None,226.5
440.1,3,47.90,500,None,226.4375
445.1,0,58.35,2400,None,28426.0703125
445.1,1,48.06,400,None,226.5
445.1,2,47.13,550,None,226.5
445.1,3,47.58,500,None,226.4375
450.1,0,66.56,2083,PowerBurst,28426.0703125
450.1,1,47.65,400,None,226.5
450.1,2,46.59,550,None,226.5
450.1,3,46.71,500,None,226.4375
455.1,0,200.23,2033,PowerBurst,28426.0703125
455.1,1,47.71,400,None,226.5
455.1,2,46.64,550,None,226.5
455.1,3,47.00,500,None,226.4375
460.1,0,199.96,2050,PowerBurst,28426.0703125
460.1,1,48.04,400,None,226.5
460.1,2,47.15,550,None,226.5
460.1,3,47.56,500,None,226.4375
465.1,0,199.89,2067,PowerBurst,28426.0703125
465.1,1,48.20,400,None,226.5
465.1,2,47.41,550,None,226.5
465.1,3,48.00,500,None,226.4375
470.1,0,200.28,2017,PowerBurst,28426.0703125
470.1,1,48.16,400,None,226.5
470.1,2,47.45,550,None,226.5
470.1,3,47.96,500,None,226.4375
475.1,0,199.67,2083,PowerBurst,28426.0703125
475.1,1,48.38,400,None,226.5
475.1,2,47.51,550,None,226.5
475.1,3,47.75,500,None,226.4375
480.1,0,189.36,2400,None,28426.0703125
480.1,1,48.31,400,None,226.5
480.1,2,47.54,550,None,226.5
480.1,3,47.94,500,None,226.4375
485.1,0,183.86,2400,None,28426.0703125
485.1,1,48.35,400,None,226.5
485.1,2,47.48,550,None,226.5
485.1,3,48.18,500,None,226.4375
490.1,0,193.28,2017,PowerBurst,28426.0703125
490.1,1,47.73,400,None,226.5
490.1,2,46.71,550,None,226.5
490.1,3,47.48,500,None,226.4375
495.1,0,199.95,2017,PowerBurst,28426.0703125
495.1,1,47.65,400,None,226.5
495.1,2,46.62,550,None,226.5
495.1,3,46.91,500,None,226.4375
500.1,0,199.76,2050,PowerBurst,28426.0703125
500.1,1,47.84,400,None,226.5
500.1,2,46.72,550,None,226.5
500.1,3,47.24,500,None,226.4375
505.1,0,199.92,2083,PowerBurst,28426.0703125
505.1,1,48.16,400,None,226.5
505.1,2,47.39,550,None,226.5
505.1,3,48.07,500,None,226.4375
510.1,0,200.24,2017,PowerBurst,28426.0703125
510.1,1,48.22,400,None,226.5
510.1,2,47.48,550,None,226.5
510.1,3,47.93,500,None,226.4375
515.1,0,197.47,2400,None,28426.0703125
515.1,1,48.17,400,None,226.5
515.1,2,47.53,550,None,226.5
515.1,3,47.73,500,None,226.4375
520.1,0,185.17,2400,None,28426.0703125
520.1,1,48.31,400,None,226.5
520.1,2,47.54,550,None,226.5
520.1,3,48.02,500,None,226.4375
525.1,0,184.82,2217,PowerBurst,28426.0703125
525.1,1,48.19,400,None,226.5
525.1,2,47.34,550,None,226.5
525.1,3,48.20,500,None,226.4375
530.1,0,200.93,2033,PowerBurst,28426.0703125
530.1,1,47.96,400,None,226.5
530.1,2,47.03,550,None,226.5
530.1,3,47.58,500,None,226.4375
535.1,0,199.95,2017,PowerBurst,28426.0703125
535.1,1,47.62,400,None,226.5
535.1,2,46.66,550,None,226.5
535.1,3,46.91,500,None,226.4375
540.1,0,199.59,2100,PowerBurst,28426.0703125
540.1,1,47.76,400,None,226.5
540.1,2,46.72,550,None,226.5
540.1,3,47.11,500,None,226.4375
545.1,0,199.62,2167,PowerBurst,28426.0703125
545.1,1,48.16,400,None,226.5
545.1,2,47.31,550,None,226.5
545.1,3,47.76,500,None,226.4375
550.1,0,200.65,2050,PowerBurst,28426.0703125
550.1,1,48.22,400,None,226.5
550.1,2,47.49,550,None,226.5
550.1,3,48.10,500,None,226.4375
555.1,0,191.04,2400,None,28426.0703125
555.1,1,48.26,400,None,226.5
555.1,2,47.48,550,None,226.5
555.1,3,47.89,500,None,226.4375
560.1,0,185.52,2400,None,28426.0703125
560.1,1,48.31,400,None,226.5
560.1,2,47.51,550,None,226.5
560.1,3,47.99,500,None,226.4375
565.1,0,155.16,2400,None,28426.0703125
565.1,1,48.03,400,None,226.5
565.1,2,47.34,550,None,226.5
565.1,3,48.09,500,None,226.4375
570.1,0,60.07,2400,None,28426.0703125
570.1,1,48.22,400,None,226.5
570.1,2,47.38,550,None,226.5
570.1,3,47.97,500,None,226.4375
575.1,0,55.31,2400,None,28426.0703125
575.1,1,47.57,400,None,226.5
575.1,2,46.75,550,None,226.5
575.1,3,46.87,500,None,226.4375
580.1,0,55.33,2400,None,28426.0703125
580.1,1,47.69,400,None,226.5
580.1,2,46.69,550,None,226.5
580.1,3,46.96,500,None,226.4375
585.1,0,56.68,2400,None,28426.0703125
585.1,1,47.82,400,None,226.5
585.1,2,46.96,550,None,226.5
585.1,3,47.40,500,None,226.4375
590.1,0,59.72,2400,None,28426.0703125
590.1,1,48.16,400,None,226.5
590.1,2,47.50,550,None,226.5
590.1,3,48.08,500,None,226.4375
595.1,0,59.56,2400,None,28426.0703125
595.1,1,48.28,400,None,226.5
595.1,2,47.58,550,None,226.5
595.1,3,47.64,500,None,226.4375
