t_s,card,gpu_busy_pct,package_temp_c,vram_temp_c,vram_hottest_channel_c,memory_controller_temp_c,pcie_temp_c,fan_rpm,power_w,energy_counter_uj
0.0,0,0.00,58.0,60.0,60.0,44.0,60.0,1332,,64343512441345
1.0,1,0.00,58.0,60.0,60.0,44.0,59.0,1390,,35413002231140
1.0,2,0.00,52.0,56.0,56.0,40.0,54.0,1143,,32389132617126
1.0,3,0.00,52.0,54.0,54.0,40.0,54.0,1135,,32703048524047
6.0,0,0.00,57.0,60.0,60.0,44.0,59.0,1335,50.62,64343799429382
6.0,1,0.00,57.0,60.0,60.0,44.0,58.0,1345,50.43,35413288158996
6.0,2,0.00,53.0,56.0,56.0,40.0,55.0,1133,47.26,32389400573852
7.0,3,0.00,52.0,54.0,54.0,40.0,54.0,1132,47.31,32703316798217
12.0,0,0.00,56.0,60.0,60.0,43.0,59.0,1270,49.23,64344078545288
12.0,1,0.00,56.0,60.0,60.0,43.0,58.0,1260,49.24,35413567351745
12.0,2,0.00,53.0,56.0,56.0,40.0,55.0,1123,46.75,32389665155822
12.0,3,0.00,52.0,54.0,54.0,40.0,54.0,1123,47.01,32703582896423
17.0,0,0.00,56.0,60.0,60.0,43.0,59.0,1269,48.62,64344354211547
18.0,1,0.00,56.0,60.0,60.0,43.0,57.0,1290,48.82,35413844141113
18.0,2,0.00,53.0,56.0,56.0,40.0,55.0,1130,46.41,32389929223327
18.0,3,0.00,52.0,54.0,54.0,40.0,54.0,1120,46.69,32703848571350
23.0,0,0.00,56.0,58.0,58.0,43.0,58.0,1271,48.11,64344627007446
23.0,1,0.00,55.0,60.0,60.0,42.0,57.0,1292,48.66,35414120037902
23.0,2,0.00,53.0,56.0,56.0,41.0,55.0,1125,46.76,32390193440490
24.0,3,0.00,52.0,54.0,54.0,40.0,54.0,1125,46.94,32704113797302
29.0,0,0.00,55.0,58.0,58.0,43.0,58.0,1239,48.48,64344901380004
29.0,1,0.00,55.0,60.0,60.0,42.0,56.0,1218,48.79,35414396671569
29.0,2,0.00,53.0,56.0,56.0,41.0,55.0,1121,46.65,32390458387878
29.0,3,0.00,52.0,54.0,54.0,40.0,54.0,1131,46.97,32704380609191
34.0,0,0.00,55.0,56.0,56.0,42.0,58.0,1239,52.51,64345199134460
35.0,1,0.00,55.0,60.0,60.0,42.0,56.0,1238,48.83,35414673516845
35.0,2,0.00,53.0,56.0,56.0,41.0,55.0,1133,46.55,32390722305786
35.0,3,0.00,52.0,54.0,54.0,40.0,54.0,1122,46.90,32704646543640
40.0,0,0.00,55.0,56.0,56.0,42.0,58.0,1260,51.40,64345490596130
40.0,1,0.00,54.0,60.0,60.0,42.0,56.0,1209,48.56,35414948379943
40.0,2,0.00,52.0,56.0,56.0,41.0,55.0,1136,46.56,32390985373168
41.0,3,0.00,52.0,54.0,54.0,40.0,54.0,1126,46.85,32704911252807
46.0,0,0.00,55.0,56.0,56.0,42.0,57.0,1252,49.47,64345770585266
46.0,1,0.00,54.0,60.0,60.0,41.0,56.0,1198,48.49,35415222827636
46.0,2,0.00,53.0,56.0,56.0,41.0,55.0,1113,46.73,32391249853271
46.0,3,0.00,52.0,54.0,54.0,40.0,54.0,1124,46.91,32705176759216
51.0,0,0.00,55.0,56.0,56.0,42.0,57.0,1167,49.00,64346047942199
52.0,1,0.00,54.0,58.0,58.0,41.0,56.0,1198,48.82,35415499130126
52.0,2,0.00,53.0,56.0,56.0,41.0,55.0,1133,46.74,32391514885620
52.0,3,0.00,53.0,54.0,54.0,40.0,54.0,1121,47.16,32705444169372
57.0,0,0.00,55.0,56.0,56.0,42.0,57.0,1217,54.71,64346358164978
57.0,1,0.00,54.0,58.0,58.0,41.0,56.0,1185,50.87,35415787585205
57.0,2,0.00,53.0,56.0,56.0,41.0,55.0,1132,48.15,32391787909729
58.0,3,0.00,53.0,54.0,54.0,40.0,55.0,1122,47.52,32705714062561
63.0,0,8.15,55.0,56.0,56.0,42.0,57.0,1203,56.92,64346681484985
63.0,1,1.01,55.0,58.0,58.0,42.0,56.0,1158,58.56,35416121392944
63.0,2,1.01,53.0,56.0,56.0,41.0,56.0,1109,56.95,32392112542419
63.0,3,0.13,53.0,54.0,56.0,40.0,55.0,1124,57.74,32706040880004
68.0,0,1.46,55.0,56.0,56.0,42.0,58.0,1172,58.83,64347013289733
69.0,1,8.53,54.0,56.0,56.0,41.0,56.0,1198,58.13,35416447482666
69.0,2,9.30,53.0,56.0,56.0,41.0,56.0,1186,55.67,32392424853698
69.0,3,9.08,54.0,56.0,56.0,41.0,55.0,1130,55.94,32706355849609
74.0,0,8.95,56.0,56.0,56.0,42.0,58.0,1213,58.42,64347342805236
74.0,1,7.88,54.0,58.0,58.0,41.0,56.0,1212,57.56,35416772696533
74.0,2,8.18,54.0,56.0,56.0,42.0,56.0,1168,55.29,32392737254211
74.0,3,8.30,54.0,54.0,54.0,41.0,55.0,1177,55.26,32706668602661
80.0,0,0.00,57.0,58.0,58.0,43.0,58.0,1253,57.25,64347666832885
80.0,1,4.29,58.0,60.0,60.0,43.0,58.0,1193,61.11,35417117370544
80.0,2,5.01,54.0,60.0,60.0,41.0,56.0,1173,55.43,32393049332641
80.0,3,5.30,54.0,56.0,56.0,41.0,56.0,1185,57.83,32706994194396
85.0,0,0.00,56.0,62.0,62.0,43.0,58.0,1266,90.36,64348175584594
85.0,1,0.00,55.0,62.0,62.0,42.0,56.0,1240,79.68,35417568343017
86.0,2,0.00,55.0,62.0,62.0,42.0,57.0,1250,76.97,32393485750183
86.0,3,0.00,55.0,60.0,60.0,41.0,56.0,1217,78.00,32707436459655
91.0,0,0.00,56.0,62.0,62.0,43.0,58.0,1301,56.87,64348498584289
91.0,1,0.00,55.0,62.0,62.0,42.0,56.0,1259,57.36,35417893581604
91.0,2,0.00,55.0,62.0,62.0,42.0,57.0,1248,54.74,32393796134277
91.0,3,0.00,55.0,60.0,60.0,42.0,56.0,1248,55.21,32707749509826
97.0,0,0.00,55.0,56.0,56.0,42.0,57.0,1262,53.44,64348801046386
97.0,1,0.00,55.0,58.0,58.0,41.0,56.0,1208,53.84,35418198337158
97.0,2,0.00,54.0,56.0,56.0,42.0,57.0,1227,52.18,32394091969055
97.0,3,0.00,54.0,56.0,56.0,41.0,56.0,1216,52.49,32708047651977
102.0,0,0.50,55.0,56.0,56.0,42.0,57.0,1192,49.18,64349080875854
102.0,1,0.50,54.0,58.0,58.0,41.0,55.0,1202,48.83,35418476681335
103.0,2,0.50,54.0,56.0,56.0,42.0,56.0,1203,47.42,32394361785278
103.0,3,0.51,54.0,56.0,56.0,41.0,56.0,1150,47.59,32708318435424
108.0,0,0.50,55.0,56.0,56.0,42.0,57.0,1202,47.85,64349353169860
108.0,1,0.50,53.0,56.0,56.0,41.0,55.0,1182,48.20,35418750936523
108.0,2,0.50,54.0,56.0,56.0,42.0,56.0,1180,46.70,32394627975402
109.0,3,0.50,53.0,56.0,56.0,41.0,56.0,1158,46.92,32708585878723
114.0,0,1.00,54.0,56.0,56.0,42.0,57.0,1210,47.84,64349626325317
114.0,1,1.00,53.0,56.0,56.0,41.0,55.0,1177,48.32,35419026348693
114.0,2,1.01,54.0,56.0,56.0,42.0,56.0,1169,46.62,32394893734252
114.0,3,1.00,53.0,56.0,56.0,41.0,55.0,1170,46.82,32708852728454
119.0,0,0.48,54.0,56.0,56.0,42.0,57.0,1183,51.31,64349917784057
120.0,1,0.00,53.0,56.0,56.0,41.0,55.0,1163,48.32,35419301269409
120.0,2,0.00,54.0,56.0,56.0,41.0,56.0,1185,46.77,32395159385742
120.0,3,0.00,55.0,58.0,58.0,41.0,56.0,1165,56.15,32709170529968
125.0,0,0.00,54.0,56.0,56.0,42.0,57.0,1187,51.35,64350208963195
125.0,1,5.00,54.0,58.0,58.0,41.0,55.0,1123,54.19,35419607965820
125.0,2,2.30,54.0,56.0,56.0,42.0,56.0,1187,47.34,32395427350097
126.0,3,0.00,53.0,56.0,56.0,41.0,56.0,1187,47.84,32709441759033
131.0,0,34.43,56.0,56.0,56.0,42.0,58.0,1217,65.97,64350583002319
131.0,1,51.33,55.0,56.0,58.0,41.0,56.0,1175,66.99,35419987813720
131.0,2,51.45,55.0,58.0,58.0,42.0,57.0,1142,67.02,32395808028991
131.0,3,51.58,55.0,58.0,58.0,42.0,57.0,1183,73.37,32709858522888
136.0,0,34.41,56.0,58.0,58.0,43.0,58.0,1153,76.80,64351018448608
137.0,1,51.61,56.0,58.0,58.0,42.0,56.0,1185,78.91,35420436029235
137.0,2,51.49,56.0,58.0,58.0,43.0,57.0,1185,76.92,32396244159240
137.0,3,51.33,56.0,58.0,58.0,42.0,58.0,1239,85.85,32710345308532
142.0,0,34.59,56.0,58.0,58.0,43.0,58.0,1240,76.75,64351453623046
142.0,1,51.72,55.0,58.0,58.0,42.0,56.0,1197,79.17,35420884140808
142.0,2,51.70,56.0,60.0,60.0,43.0,58.0,1207,76.87,32396680013183
143.0,3,51.61,57.0,60.0,58.0,43.0,58.0,1239,85.90,32710832370422
148.0,0,34.58,57.0,58.0,58.0,43.0,58.0,1260,80.88,64351912233154
148.0,1,51.45,56.0,58.0,58.0,42.0,57.0,1208,81.41,35421345732177
148.0,2,50.95,56.0,58.0,60.0,43.0,59.0,1219,80.12,32397133510864
148.0,3,50.74,57.0,60.0,60.0,43.0,59.0,1273,85.74,32711317686157
153.0,0,33.66,57.0,58.0,58.0,44.0,59.0,1251,76.93,64352347670776
154.0,1,50.56,56.0,58.0,58.0,42.0,57.0,1239,79.15,35421794535461
154.0,2,51.28,57.0,60.0,60.0,44.0,58.0,1260,76.91,32397569584777
154.0,3,51.23,58.0,60.0,60.0,44.0,59.0,1259,85.89,32711804707946
159.0,0,33.60,57.0,58.0,58.0,44.0,59.0,1270,76.77,64352783697998
159.0,1,51.18,56.0,58.0,58.0,42.0,57.0,1228,79.30,35422244187927
159.0,2,50.95,57.0,60.0,60.0,44.0,59.0,1249,77.23,32398007464660
160.0,3,50.68,58.0,60.0,60.0,44.0,60.0,1270,86.00,32712292345397
165.0,0,34.34,57.0,58.0,58.0,44.0,59.0,1270,76.99,64353220224853
165.0,1,51.18,57.0,58.0,58.0,43.0,57.0,1228,79.45,35422694679931
165.0,2,51.28,57.0,60.0,60.0,44.0,59.0,1270,77.48,32398446775756
165.0,3,50.80,58.0,62.0,60.0,44.0,60.0,1261,86.27,32712781469970
170.0,0,34.21,57.0,58.0,58.0,44.0,59.0,1261,77.04,64353656257324
171.0,1,51.19,56.0,60.0,58.0,43.0,58.0,1250,79.38,35423143945983
171.0,2,51.46,57.0,60.0,60.0,44.0,60.0,1275,77.38,32398883964172
171.0,3,51.61,59.0,60.0,62.0,44.0,60.0,1300,85.91,32713265997741
176.0,0,33.97,57.0,58.0,58.0,44.0,59.0,1280,77.39,64354091941650
176.0,1,50.91,56.0,60.0,60.0,43.0,57.0,1271,79.33,35423589786804
176.0,2,51.61,58.0,60.0,60.0,44.0,60.0,1279,77.45,32399320025451
176.0,3,51.32,59.0,62.0,62.0,44.0,60.0,1330,85.92,32713750563415
182.0,0,30.47,57.0,60.0,60.0,44.0,60.0,1288,83.95,64354565435119
182.0,1,36.67,56.0,60.0,60.0,43.0,58.0,1244,84.99,35424069970703
182.0,2,36.85,58.0,62.0,60.0,45.0,61.0,1234,83.11,32399788761047
182.0,3,22.22,59.0,62.0,62.0,45.0,61.0,1340,90.51,32714261029296
187.0,0,33.97,58.0,60.0,60.0,44.0,60.0,1255,76.21,64354996026611
187.0,1,50.84,56.0,60.0,60.0,43.0,58.0,1287,79.13,35424516268432
188.0,2,51.46,58.0,62.0,62.0,45.0,60.0,1329,77.55,32400226928527
188.0,3,51.56,60.0,62.0,62.0,45.0,61.0,1339,86.03,32714747115051
193.0,0,34.01,58.0,60.0,60.0,44.0,60.0,1296,77.31,64355432078063
193.0,1,51.27,57.0,60.0,60.0,43.0,58.0,1254,79.48,35424965315063
193.0,2,51.26,59.0,62.0,62.0,45.0,61.0,1329,77.72,32400665294311
193.0,3,51.23,60.0,62.0,62.0,46.0,61.0,1340,86.39,32715234382568
199.0,0,34.17,58.0,60.0,60.0,44.0,60.0,1297,77.05,64355867402343
199.0,1,51.35,57.0,60.0,60.0,43.0,58.0,1254,79.47,35425414304565
199.0,2,51.30,59.0,62.0,62.0,45.0,61.0,1328,77.56,32401103527770
199.0,3,51.25,60.0,62.0,64.0,46.0,61.0,1338,86.35,32715722284973
204.0,0,34.60,58.0,60.0,60.0,44.0,60.0,1327,77.06,64356302795043
204.0,1,51.45,57.0,60.0,60.0,43.0,58.0,1306,79.44,35425863138305
205.0,2,51.30,59.0,62.0,62.0,45.0,61.0,1337,77.54,32401542423828
205.0,3,51.33,60.0,62.0,62.0,45.0,61.0,1305,86.32,32716210880554
210.0,0,34.33,58.0,60.0,60.0,44.0,60.0,1336,77.16,64356739505371
210.0,1,50.51,57.0,60.0,60.0,44.0,58.0,1272,79.52,35426313199645
210.0,2,51.36,59.0,62.0,62.0,45.0,61.0,1315,77.40,32401980526489
210.0,3,51.47,60.0,62.0,64.0,46.0,62.0,1378,86.11,32716698267211
